xb_t,yb_t,zb_t,xt,yt,zt
0.3174061437764167,0.01066954239408562,0.08666666666666667,0.04386204481124878,0.9990376234054565,0.0
0.4231343283725131,0.005243147704171655,0.3466666666666667,0.05837877839803696,0.9982945322990417,0.0
0.2023433351164043,0.01446555889217266,0.2933333333333333,0.019302453845739365,0.9998137354850769,0.0
0.1403635420116693,0.01498269818436964,0.5866666666666667,-0.004444494843482971,0.9999901652336121,0.0
0.1665239276054157,0.01494736373041719,0.66,0.006928100250661373,0.9999759793281555,0.0
0.1006062757905362,0.0143621585550566,0.5666666666666667,-0.02864757925271988,0.9995896220207214,0.0
0.001938592788506745,0.002066640433036111,0.5133333333333333,-0.6598626375198364,0.751386284828186,0.0
0.08360763609512023,0.01376639299927757,0.7266666666666667,-0.042457882314920425,0.9990982413291931,0.0
0.4183355734181042,0.005522331207398173,0.04666666666666667,0.057782139629125595,0.9983291625976562,0.0
0.3859446232548404,0.007324840634543438,0.4,0.053398698568344116,0.998573362827301,0.0
0.4349230635664786,0.004543601892265997,0.9333333333333333,0.060042086988687515,0.9981958270072937,0.0
0.49375,0.0007399999999999996,0.8,0.06784331798553467,0.9976959228515625,0.0
0.2430250126818152,0.01345417863684153,0.3933333333333333,0.029968101531267166,0.9995509386062622,0.0
0.09184664796315946,0.01408581551919872,0.86,-0.03487343713641167,0.9993917346000671,0.0
0.2229898489463952,0.01400650849074916,0.9333333333333333,0.025035498663783073,0.999686598777771,0.0
0.4707233244782099,0.002296148712996983,0.6466666666666666,0.06524843722581863,0.9978690147399902,0.0
0.05527529103542889,0.01212911808055398,0.2666666666666667,-0.07630910724401474,0.9970841407775879,0.0
0.4110467389142467,0.005940304086779129,0.4466666666666667,0.056698061525821686,0.9983913898468018,0.0
0.4395565333129295,0.004263250360661108,0.8533333333333334,0.060725465416908264,0.9981545209884644,0.0
0.3203155348544872,0.01054115535650971,0.46,0.044305697083473206,0.9990180730819702,0.0
0.1479313813762675,0.01500382109377458,0.09333333333333334,-0.0010483268415555358,0.9999994039535522,0.0
0.4183355734181042,0.005522331207398173,0.5866666666666667,0.057748980820178986,0.9983311891555786,0.0
0.4598423244149021,0.002999172278504974,0.5133333333333333,0.06369628757238388,0.9979693293571472,0.0
0.2161765053725568,0.01417100420273847,0.6,0.023216528818011284,0.9997304081916809,0.0
0.4325888689334636,0.004683673024277813,0.02666666666666667,0.05970233306288719,0.9982162714004517,0.0
0.4325888689334636,0.004683673024277813,0.9333333333333333,0.05970233306288719,0.9982162714004517,0.0
0.0009061735767950278,0.001064722955114475,0.3,-0.7344446182250977,0.678668737411499,0.0
0.04921792768622848,0.01163820281918356,0.1266666666666667,-0.08577948063611984,0.9963141679763794,0.0
0.1099188311353945,0.01459243406848979,0.88,-0.02162264846265316,0.9997661709785461,0.0
0.1988415290377685,0.01453136786999635,0.9733333333333334,0.018261021003127098,0.9998332262039185,0.0
0.07215908143162554,0.01321622861434639,0.04666666666666667,-0.05422979220747948,0.9985284209251404,0.0
0.4975,0.0004849999999999998,0.07333333333333333,0.06784331798553467,0.9976959228515625,0.0
0.07215908143162554,0.01321622861434639,0.6933333333333334,-0.05355069041252136,0.998565137386322,0.0
0.3729144003044829,0.008010236798966815,0.4333333333333333,0.051690008491277695,0.9986631274223328,0.0
0.4531817282716029,0.003420864078978696,0.28,0.06269703060388565,0.9980325698852539,0.0
0.4486854094513163,0.003701843435182584,0.1,0.06204163283109665,0.9980736374855042,0.0
0.2528189871588276,0.01314966520956734,0.14,0.03215561807155609,0.9994829297065735,0.0
0.4728670171738458,0.002155564503190588,0.7133333333333334,0.06557609140872955,0.9978475570678711,0.0
0.2092945605397177,0.01432431545006683,0.8,0.021306326612830162,0.9997729659080505,0.0
0.005787204408179481,0.00453195948054921,0.58,-0.4159109890460968,0.9094052910804749,0.0
0.3085900491609768,0.01105058180303105,0.28,0.042489226907491684,0.9990969896316528,0.0
0.2874967197587609,0.01191133433109486,0.8466666666666667,0.03898395225405693,0.9992398619651794,0.0
0.475,0.002015,0.2133333333333333,0.06694956123828888,0.9977563619613647,0.0
0.49,0.0009949999999999994,0.38,0.06784332543611526,0.997696042060852,0.0
0.1006062757905362,0.0143621585550566,0.3133333333333334,-0.0280762892216444,0.9996058344841003,0.0
0.09184664796315946,0.01408581551919872,0.9133333333333333,-0.03487343713641167,0.9993917346000671,0.0
0.4486854094513163,0.003701843435182584,0.5466666666666666,0.062074463814496994,0.9980714917182922,0.0
0.4325888689334636,0.004683673024277813,0.1466666666666667,0.05970233306288719,0.9982162714004517,0.0
0.47625,0.00193,0.2066666666666667,0.06784331798553467,0.9976959228515625,0.0
0.3859446232548404,0.007324840634543438,0.82,0.053398698568344116,0.998573362827301,0.0
0.4825,0.001505,0.7733333333333333,0.06784332543611526,0.997696042060852,0.0
0.02188308974271713,0.008373593985938307,0.5266666666666666,-0.1703955978155136,0.985375702381134,0.0
0.4875,0.001164999999999999,0.7,0.06784331798553467,0.9976959228515625,0.0
0.02188308974271713,0.008373593985938307,0.09333333333333334,-0.169654980301857,0.9855035543441772,0.0
0.4875,0.001164999999999999,0.1733333333333333,0.06784332543611526,0.997696042060852,0.0
0.1099188311353945,0.01459243406848979,0.4466666666666667,-0.022123990580439568,0.9997552037239075,0.0
0.02188308974271713,0.008373593985938307,0.5066666666666667,-0.1696549952030182,0.985503613948822,0.0
0.03817293368415396,0.010572926277859,0.24,-0.10706070810556412,0.9942525029182434,0.0
0.2023433351164043,0.01446555889217266,0.36,0.019302453845739365,0.9998137354850769,0.0
0.3513756422536126,0.009092981566040463,0.74,0.04875270649790764,0.998810887336731,0.0
0.1147930839992219,0.01469051703796037,0.07333333333333333,-0.018742144107818604,0.9998243451118469,0.0
0.01409425474986475,0.0068776994430674,0.5533333333333333,-0.20654918253421783,0.9784362316131592,0.0
0.4134885245990569,0.005801093338797506,0.09333333333333334,0.057109106332063675,0.998367965221405,0.0
0.3026386444691577,0.01130086179671116,0.52,0.041538305580616,0.9991369843482971,0.0
0.3402784568515393,0.009626202934107065,0.0,0.04722416400909424,0.9988843202590942,0.0
0.48625,0.001249999999999999,0.1,0.06784331798553467,0.9976959228515625,0.0
0.4085926978885014,0.006079394701183551,0.006666666666666667,0.05639756843447685,0.9984084367752075,0.0
0.2263710066418964,0.01392033193839007,0.4,0.025911502540111542,0.9996642470359802,0.0
0.3458548251449645,0.009360383705782415,0.5066666666666667,0.04800020903348923,0.9988473653793335,0.0
0.3056217972921486,0.01117611773519134,0.36,0.04201739653944969,0.9991169571876526,0.0
0.4395565333129295,0.004263250360661108,0.3266666666666667,0.060701921582221985,0.998155951499939,0.0
0.3085900491609768,0.01105058180303105,0.8533333333333334,0.042489226907491684,0.9990969896316528,0.0
0.2229898489463952,0.01400650849074916,0.4,0.025035498663783073,0.999686598777771,0.0
0.2935990270690971,0.01166998401393008,0.26,0.04004364088177681,0.9991979598999023,0.0
0.07967376769612333,0.0135918955763818,0.8266666666666667,-0.0465630441904068,0.9989153742790222,0.0
0.47625,0.00193,0.9333333333333333,0.06784331798553467,0.9976959228515625,0.0
0.4598423244149021,0.002999172278504974,0.92,0.06367315351963043,0.9979708790779114,0.0
0.3595539221523937,0.008689253368553888,0.9733333333333334,0.04985735937952995,0.9987563490867615,0.0
0.3676103033988601,0.008282690497122288,0.5466666666666666,0.05097801610827446,0.9986997842788696,0.0
0.1554241336649385,0.01499899047841252,0.58,0.002292787889018655,0.9999973773956299,0.0
0.4231343283725131,0.005243147704171655,0.5,0.05838823318481445,0.998293936252594,0.0
0.07585876163308795,0.01340832592623976,0.8533333333333334,-0.05022834986448288,0.9987377524375916,0.0
0.2560510686365138,0.01304454551237501,0.8533333333333334,0.0328499898314476,0.9994603395462036,0.0
0.2092945605397177,0.01432431545006683,0.7866666666666666,0.021306326612830162,0.9997729659080505,0.0
0.3318085145224015,0.01002152667429443,0.18,0.046012699604034424,0.9989408850669861,0.0
0.2430250126818152,0.01345417863684153,0.4866666666666667,0.029968101531267166,0.9995509386062622,0.0
0.03561951842704848,0.01029066800911788,0.84,-0.1131366714835167,0.9935794472694397,0.0
0.1051913447262294,0.0144830738662247,0.5933333333333334,-0.024513421580195427,0.9996994137763977,0.0
0.1701870399669289,0.0149192909621303,0.84,0.00837442185729742,0.9999648332595825,0.0
0.4975,0.0004849999999999998,0.74,0.06784332543611526,0.997696042060852,0.0
0.4231343283725131,0.005243147704171655,0.2866666666666667,0.05843556672334671,0.9982911944389343,0.0
0.3232103947524728,0.01041213144295714,0.74,0.044742509722709656,0.9989985823631287,0.0
0.2592669974514128,0.01293773926827053,0.8066666666666666,0.03352908045053482,0.9994377493858337,0.0
0.4159181158837894,0.005661767401785669,0.3466666666666667,0.05744095891714096,0.9983488917350769,0.0
0.01786294692090894,0.007639389485525302,0.6133333333333333,-0.18923711776733398,0.9819313883781433,0.0
0.2229898489463952,0.01400650849074916,0.6133333333333333,0.025035498663783073,0.999686598777771,0.0
0.47625,0.00193,0.72,0.06784332543611526,0.997696042060852,0.0
0.4207409575639589,0.005382789673387536,0.9866666666666667,0.05804738029837608,0.998313844203949,0.0
0.29964051564518,0.01142478103025839,0.26,0.04105125367641449,0.9991570711135864,0.0
0.5,0.000315,0.9933333333333333,0.06784332543611526,0.9976959824562073,0.0
0.393607637313361,0.006911123952981212,0.6466666666666666,0.0544203482568264,0.9985181093215942,0.0
0.4395565333129295,0.004263250360661108,0.5933333333333334,0.060725465416908264,0.9981545209884644,0.0
0.2195917099925405,0.01409010071620109,0.1066666666666667,0.02413727156817913,0.9997087121009827,0.0
0.04080699868922523,0.01084902757241398,0.2333333333333333,-0.10243364423513412,0.9947399497032166,0.0
0.4728670171738458,0.002155564503190588,0.58,0.06559880822896957,0.9978460669517517,0.0
0.1774585473059703,0.01484823954883366,0.08,0.011122852563858032,0.9999380707740784,0.0
0.3085900491609768,0.01105058180303105,0.4,0.042489226907491684,0.9990969896316528,0.0
0.464227448928703,0.002717964733788145,0.94,0.06431899219751358,0.9979294538497925,0.0
0.2330827145954583,0.01374063194468844,0.9466666666666667,0.027597982436418533,0.9996191263198853,0.0
0.3260907963564813,0.01028249977567646,0.52,0.045243680477142334,0.9989760518074036,0.0
0.4372455990144962,0.004403459410272481,0.8933333333333333,0.06041926518082619,0.9981731176376343,0.0
0.4231343283725131,0.005243147704171655,0.1866666666666667,0.05843556672334671,0.9982911944389343,0.0
0.3402784568515393,0.009626202934107065,0.98,0.04722416028380394,0.9988843202590942,0.0
0.2330827145954583,0.01374063194468844,0.6666666666666666,0.027597982436418533,0.9996191263198853,0.0
0.49,0.0009949999999999994,0.09333333333333334,0.06784331798553467,0.9976959228515625,0.0
0.2092945605397177,0.01432431545006683,0.7333333333333333,0.02137620374560356,0.9997715353965759,0.0
0.119818594001778,0.01477780150039562,0.7666666666666667,-0.016131587326526642,0.9998699426651001,0.0
0.48375,0.001419999999999999,0.07333333333333333,0.06784331798553467,0.9976959228515625,0.0
0.49,0.0009949999999999994,0.22,0.06784331798553467,0.9976959228515625,0.0
0.07967376769612333,0.0135918955763818,0.01333333333333333,-0.046188246458768845,0.9989327192306519,0.0
0.47875,0.00176,0.6533333333333333,0.06784332543611526,0.997696042060852,0.0
0.3174061437764167,0.01066954239408562,0.64,0.04386204481124878,0.9990376234054565,0.0
0.3346459751325647,0.009890240522146487,0.4066666666666667,0.04639386758208275,0.9989231824874878,0.0
0.4598423244149021,0.002999172278504974,0.6066666666666667,0.06367315351963043,0.9979708790779114,0.0
0.3056217972921486,0.01117611773519134,0.4133333333333333,0.04201739653944969,0.9991169571876526,0.0
0.02399293940066806,0.00872538709655233,0.07333333333333333,-0.15823590755462646,0.9874013662338257,0.0
0.3781656586480459,0.007736763587887849,0.6733333333333333,0.05235851928591728,0.9986283779144287,0.0
0.05527529103542889,0.01212911808055398,0.4266666666666667,-0.07548648118972778,0.9971468448638916,0.0
0.2624668544916574,0.01282931451323828,0.3466666666666667,0.03419305756688118,0.9994152784347534,0.0
0.3622528366719601,0.008554030827018985,0.08666666666666667,0.050221141427755356,0.998738169670105,0.0
0.3676103033988601,0.008282690497122288,0.9666666666666667,0.05094218999147415,0.9987016916275024,0.0
0.3318085145224015,0.01002152667429443,0.4533333333333333,0.046012699604034424,0.9989408850669861,0.0
0.4372455990144962,0.004403459410272481,0.04,0.06039571017026901,0.9981746077537537,0.0
0.05527529103542889,0.01212911808055398,0.2866666666666667,-0.07596635073423386,0.9971103668212891,0.0
0.02842275586216318,0.00938881596464451,0.82,-0.13790598511695862,0.9904451966285706,0.0
0.0617185378658318,0.01258900100914509,0.52,-0.06662458181381226,0.9977781772613525,0.0
0.01984048992936868,0.00801088466266936,0.1466666666666667,-0.17973458766937256,0.9837151169776917,0.0
0.441855924209509,0.004122979505823145,0.6133333333333333,0.06105497106909752,0.9981344938278198,0.0
0.2624668544916574,0.01282931451323828,1.0,0.03419305756688118,0.9994152784347534,0.0
0.3232103947524728,0.01041213144295714,0.3733333333333334,0.044742509722709656,0.9989985823631287,0.0
0.4061263402616034,0.006218360226988577,0.42,0.05608908459544182,0.9984258413314819,0.0
0.3144821482565962,0.01079726282331179,0.06666666666666667,0.043411463499069214,0.9990572929382324,0.0
0.3486221426798262,0.009226868476435031,0.58,0.04837900027632713,0.9988290667533875,0.0
0.119818594001778,0.01477780150039562,0.46,-0.016307884827256203,0.9998670220375061,0.0
0.004385078198514083,0.003813174025494425,0.06,-0.4987661838531494,0.8667365908622742,0.0
0.119818594001778,0.01477780150039562,0.9133333333333333,-0.016307884827256203,0.9998670220375061,0.0
0.188230303793172,0.01470769093303349,0.08666666666666667,0.014894642867147923,0.9998890161514282,0.0
0.3056217972921486,0.01117611773519134,0.8666666666666667,0.04201739653944969,0.9991169571876526,0.0
0.4598423244149021,0.002999172278504974,0.7866666666666666,0.06367315351963043,0.9979708790779114,0.0
0.2263710066418964,0.01392033193839007,0.5866666666666667,0.025911502540111542,0.9996642470359802,0.0
0.3289568122061492,0.01015228887615362,0.96,0.0455959253013134,0.9989599585533142,0.0
0.4278852686979399,0.004963582002725781,0.76,0.059074077755212784,0.9982537031173706,0.0
0.48375,0.001419999999999999,0.6266666666666667,0.06784331798553467,0.9976959228515625,0.0
0.1441568886542006,0.0149966205571615,0.02666666666666667,-0.0027889327611774206,0.9999960660934448,0.0
0.29964051564518,0.01142478103025839,0.06,0.04105125367641449,0.9991570711135864,0.0
0.3374692655249677,0.009758457201575484,0.2533333333333334,0.04685535654425621,0.9989016652107239,0.0
0.02188308974271713,0.008373593985938307,0.66,-0.169654980301857,0.9855035543441772,0.0
0.3203155348544872,0.01054115535650971,0.1733333333333333,0.044305697083473206,0.9990180730819702,0.0
0.4925,0.0008249999999999993,0.1933333333333333,0.06784331798553467,0.9976959228515625,0.0
0.4775,0.001845,0.96,0.06784331798553467,0.9976959228515625,0.0
0.3144821482565962,0.01079726282331179,0.5333333333333333,0.043411463499069214,0.9990572929382324,0.0
0.003099394067815285,0.002987927427671873,0.7533333333333333,-0.5816482901573181,0.8134403228759766,0.0
0.2161765053725568,0.01417100420273847,0.5733333333333334,0.023123322054743767,0.9997326731681824,0.0
0.02842275586216318,0.00938881596464451,0.05333333333333334,-0.13790598511695862,0.9904451966285706,0.0
0.3755466012917554,0.007873621876772315,0.6466666666666666,0.052007611840963364,0.9986466765403748,0.0
0.475,0.002015,0.1133333333333333,0.06680059432983398,0.9977663159370422,0.0
0.02842275586216318,0.00938881596464451,0.07333333333333333,-0.13790598511695862,0.9904451966285706,0.0
0.284422566083493,0.01203043135890618,0.08,0.038434021174907684,0.9992611408233643,0.0
0.393607637313361,0.006911123952981212,0.9466666666666667,0.0544203482568264,0.9985181093215942,0.0
0.1327199622262978,0.01493374030552165,0.4,-0.008466511033475399,0.9999641180038452,0.0
0.3649382746802854,0.008418505809678949,0.82,0.050582751631736755,0.9987199902534485,0.0
0.3318085145224015,0.01002152667429443,0.76,0.045983169227838516,0.9989422559738159,0.0
0.2656507202558925,0.01271933779290769,0.1266666666666667,0.03484213352203369,0.9993929266929626,0.0
0.2688186749577082,0.0126078741859646,0.52,0.03547649085521698,0.9993705153465271,0.0
0.1006062757905362,0.0143621585550566,0.1333333333333333,-0.0280762892216444,0.9996058344841003,0.0
0.3702689897493032,0.008146596887014346,0.03333333333333333,0.05129946768283844,0.9986833930015564,0.0
0.07215908143162554,0.01321622861434639,0.74,-0.05383365601301193,0.9985499382019043,0.0
0.008890179845672162,0.005653220926087273,0.52,-0.2715536952018738,0.9624233245849609,0.0
0.2263710066418964,0.01392033193839007,0.6666666666666666,0.025911502540111542,0.9996642470359802,0.0
0.3885117588202917,0.007187120149762041,0.64,0.053741276264190674,0.9985548853874207,0.0
0.48,0.001675,0.2133333333333333,0.06784331798553467,0.9976959228515625,0.0
0.004385078198514083,0.003813174025494425,0.24,-0.4987661838531494,0.8667365908622742,0.0
0.1774585473059703,0.01484823954883366,0.16,0.011122852563858032,0.9999380707740784,0.0
0.4531817282716029,0.003420864078978696,0.5533333333333333,0.06269704550504684,0.9980326890945435,0.0
0.49375,0.0007399999999999996,0.58,0.06784331798553467,0.9976959228515625,0.0
0.4085926978885014,0.006079394701183551,0.4933333333333333,0.05638807639479637,0.9984089136123657,0.0
0.3458548251449645,0.009360383705782415,0.1466666666666667,0.04800020903348923,0.9988473653793335,0.0
0.2813329754574629,0.01214840266207752,0.92,0.03787047043442726,0.999282717704773,0.0
0.1479313813762675,0.01500382109377458,0.05333333333333334,-0.0010483268415555358,0.9999994039535522,0.0
0.2330827145954583,0.01374063194468844,0.006666666666666667,0.027597982436418533,0.9996191263198853,0.0
0.2463060410957821,0.01335456176368123,0.03333333333333333,0.03071668930351734,0.9995282292366028,0.0
0.0009061735767950278,0.001064722955114475,0.9333333333333333,-0.7298060655593872,0.683654248714447,0.0
0.3144821482565962,0.01079726282331179,0.2933333333333333,0.043411463499069214,0.9990572929382324,0.0
0.3986527506923795,0.006634456439423702,0.84,0.05509138107299805,0.9984813928604126,0.0
0.249570671848713,0.01325302879716548,0.7666666666666667,0.031445231288671494,0.9995054602622986,0.0
0.29964051564518,0.01142478103025839,0.42,0.04105125367641449,0.9991570711135864,0.0
0.2813329754574629,0.01214840266207752,0.7466666666666667,0.03787047043442726,0.999282717704773,0.0
0.4925,0.0008249999999999993,0.24,0.06784332543611526,0.997696042060852,0.0
0.4395565333129295,0.004263250360661108,0.14,0.060725465416908264,0.9981545209884644,0.0
0.1479313813762675,0.01500382109377458,0.6866666666666666,-0.001048326725140214,0.9999994039535522,0.0
0.3346459751325647,0.009890240522146487,0.9533333333333334,0.046422943472862244,0.9989218711853027,0.0
0.284422566083493,0.01203043135890618,0.12,0.038434021174907684,0.9992611408233643,0.0
0.119818594001778,0.01477780150039562,0.5533333333333333,-0.015884768217802048,0.9998738169670105,0.0
0.2297352672259797,0.01383167315155853,0.5133333333333333,0.026705343276262283,0.9996433258056641,0.0
0.181067113868047,0.0148057052375217,0.5066666666666667,0.012298249639570713,0.99992436170578,0.0
0.2688186749577082,0.0126078741859646,0.2466666666666667,0.03547649085521698,0.9993705153465271,0.0
0.4231343283725131,0.005243147704171655,0.54,0.05843556672334671,0.9982911944389343,0.0
0.3702689897493032,0.008146596887014346,0.2466666666666667,0.051324907690286636,0.9986820816993713,0.0
0.01229876263063634,0.006490891335877659,0.54,-0.21693699061870575,0.9761856198310852,0.0
0.4085926978885014,0.006079394701183551,0.58,0.05638807639479637,0.9984089136123657,0.0
0.290555514259135,0.01179116712329794,0.1733333333333333,0.03952042758464813,0.9992187023162842,0.0
0.2397275040769667,0.01355179038350446,0.22,0.02919897250831127,0.9995736479759216,0.0
0.430242956841666,0.004823668001613905,0.006666666666666667,0.05940484255552292,0.9982340931892395,0.0
0.03314461873146796,0.01000061829142671,0.6933333333333334,-0.12027018517255783,0.9927412271499634,0.0
0.01056182494919397,0.006093054031238253,0.3333333333333333,-0.2388894259929657,0.9710468053817749,0.0
0.1701870399669289,0.0149192909621303,0.3133333333333334,0.00837442185729742,0.9999648332595825,0.0
0.4509391983323778,0.00356137259084234,0.9533333333333334,0.062369730323553085,0.9980531930923462,0.0
0.2688186749577082,0.0126078741859646,0.22,0.03547649085521698,0.9993705153465271,0.0
0.03817293368415396,0.010572926277859,0.3333333333333333,-0.10762308537960052,0.9941917061805725,0.0
0.1591425590720778,0.01498745206342479,0.3133333333333334,0.003887950675562024,0.999992311000824,0.0
0.04080699868922523,0.01084902757241398,0.04,-0.10152614861726761,0.9948327541351318,0.0
0.3115434747074761,0.0109242862886953,0.3666666666666666,0.042953893542289734,0.9990771412849426,0.0
0.09615940919343735,0.01422962702889811,0.2,-0.03155864030122757,0.9995020031929016,0.0
0.3807716379709171,0.007599673228266771,0.9266666666666666,0.052707329392433167,0.9986100792884827,0.0
0.3622528366719601,0.008554030827018985,0.7533333333333333,0.050221141427755356,0.998738169670105,0.0
0.02188308974271713,0.008373593985938307,0.34,-0.1696549504995346,0.9855035543441772,0.0
0.1591425590720778,0.01498745206342479,0.4533333333333333,0.0037758187390863895,0.9999929070472717,0.0
0.3595539221523937,0.008689253368553888,0.8533333333333334,0.04985735937952995,0.9987563490867615,0.0
0.2935990270690971,0.01166998401393008,0.94,0.04004364088177681,0.9991979598999023,0.0
0.3056217972921486,0.01117611773519134,0.2933333333333333,0.04201739653944969,0.9991169571876526,0.0
0.1554241336649385,0.01499899047841252,0.26,0.0021307403221726418,0.9999977350234985,0.0
0.1917851001471857,0.01465262423751573,0.5,0.01594650000333786,0.9998728632926941,0.0
0.4183355734181042,0.005522331207398173,0.7,0.057782139629125595,0.9983291625976562,0.0
0.2330827145954583,0.01374063194468844,0.1333333333333333,0.027597982436418533,0.9996191263198853,0.0
0.03314461873146796,0.01000061829142671,0.52,-0.11971739679574966,0.9928079843521118,0.0
0.3430736199044813,0.00949350339184359,0.4266666666666667,0.04761529713869095,0.9988657832145691,0.0
0.1365512600842511,0.01496181836188254,0.3733333333333334,-0.006402658298611641,0.9999794960021973,0.0
0.3885117588202917,0.007187120149762041,0.1066666666666667,0.05374128371477127,0.9985548853874207,0.0
0.4372455990144962,0.004403459410272481,0.1533333333333333,0.06039571017026901,0.9981746077537537,0.0
0.3649382746802854,0.008418505809678949,0.9,0.050582751631736755,0.9987199902534485,0.0
0.3807716379709171,0.007599673228266771,0.006666666666666667,0.052707329392433167,0.9986100792884827,0.0
0.1953221463020813,0.01459378509486959,0.01333333333333333,0.01718265190720558,0.9998523592948914,0.0
0.4061263402616034,0.006218360226988577,0.9666666666666667,0.05611281469464302,0.9984244108200073,0.0
0.1554241336649385,0.01499899047841252,0.5866666666666667,0.0021770393941551447,0.999997615814209,0.0
0.4159181158837894,0.005661767401785669,0.4666666666666667,0.05747256428003311,0.9983471632003784,0.0
0.2229898489463952,0.01400650849074916,0.78,0.025035498663783073,0.999686598777771,0.0
0.4231343283725131,0.005243147704171655,0.1,0.05843556672334671,0.9982911944389343,0.0
0.3203155348544872,0.01054115535650971,0.4466666666666667,0.044305697083473206,0.9990180730819702,0.0
0.475,0.002015,0.6333333333333333,0.06694956123828888,0.9977563619613647,0.0
0.2751071703338985,0.01238073945986909,0.5466666666666666,0.036744534969329834,0.9993246793746948,0.0
0.2813329754574629,0.01214840266207752,0.1,0.03787047043442726,0.999282717704773,0.0
0.1288695685518348,0.014898217976933,0.6866666666666666,-0.010335384868085384,0.9999465942382812,0.0
0.3402784568515393,0.009626202934107065,0.8333333333333334,0.04722416028380394,0.9988843202590942,0.0
0.1628424622588932,0.01497016268575078,0.76,0.005432831589132547,0.9999852180480957,0.0
0.05219979897952075,0.01188736220452653,0.72,-0.08130715787410736,0.9966890811920166,0.0
0.4464203052631362,0.003842271332221238,0.84,0.06168957054615021,0.9980953931808472,0.0
0.1516871021837787,0.01500453082340004,0.96,0.0006467890925705433,0.9999997615814209,0.0
0.2624668544916574,0.01282931451323828,0.9666666666666667,0.03419305756688118,0.9994152784347534,0.0
0.29964051564518,0.01142478103025839,0.8266666666666667,0.04105125367641449,0.9991570711135864,0.0
0.4255157455869981,0.005103410189947115,0.7466666666666667,0.058687906712293625,0.99827641248703,0.0
0.1665239276054157,0.01494736373041719,0.6133333333333333,0.0070751626044511795,0.9999749064445496,0.0
0.0009061735767950278,0.001064722955114475,0.26,-0.7251337766647339,0.6886081099510193,0.0
0.4183355734181042,0.005522331207398173,0.6866666666666666,0.057748980820178986,0.9983311891555786,0.0
0.01409425474986475,0.0068776994430674,0.01333333333333333,-0.20654918253421783,0.9784362316131592,0.0
0.2330827145954583,0.01374063194468844,0.3333333333333333,0.027656670659780502,0.9996174573898315,0.0
0.1099188311353945,0.01459243406848979,0.7666666666666667,-0.022123990580439568,0.9997552037239075,0.0
0.4464203052631362,0.003842271332221238,0.6533333333333333,0.06171305105090141,0.9980939626693726,0.0
0.3513756422536126,0.009092981566040463,0.9666666666666667,0.04875270649790764,0.998810887336731,0.0
0.3289568122061492,0.01015228887615362,0.7133333333333334,0.0455959253013134,0.9989599585533142,0.0
0.2229898489463952,0.01400650849074916,0.6733333333333333,0.025035498663783073,0.999686598777771,0.0
0.4110467389142467,0.005940304086779129,0.7533333333333333,0.056753404438495636,0.9983882308006287,0.0
0.1628424622588932,0.01497016268575078,0.6933333333333334,0.005432831589132547,0.9999852180480957,0.0
0.08766401182060075,0.01393122375603627,0.14,-0.03840173780918121,0.9992623329162598,0.0
0.1988415290377685,0.01453136786999635,0.4533333333333333,0.018261021003127098,0.9998332262039185,0.0
0.2966273352808951,0.01154783804243417,0.5333333333333333,0.040604118257761,0.9991752505302429,0.0
0.290555514259135,0.01179116712329794,0.06,0.03952042758464813,0.9992187023162842,0.0
0.03817293368415396,0.010572926277859,0.52,-0.10762308537960052,0.9941917061805725,0.0
0.3115434747074761,0.0109242862886953,0.4266666666666667,0.042953893542289734,0.9990771412849426,0.0
0.1441568886542006,0.0149966205571615,0.96,-0.0026630396023392677,0.9999964237213135,0.0
0.47875,0.00176,0.16,0.06784332543611526,0.997696042060852,0.0
0.03561951842704848,0.01029066800911788,0.08666666666666667,-0.1131366565823555,0.9935793876647949,0.0
0.01409425474986475,0.0068776994430674,0.3,-0.20597004890441895,0.978558361530304,0.0
0.4875,0.001164999999999999,0.2933333333333333,0.06784331798553467,0.9976959228515625,0.0
0.4728670171738458,0.002155564503190588,0.3333333333333333,0.06559880822896957,0.9978460669517517,0.0
0.3232103947524728,0.01041213144295714,0.8,0.044742509722709656,0.9989985823631287,0.0
0.003099394067815285,0.002987927427671873,0.64,-0.5816482901573181,0.8134403228759766,0.0
0.48375,0.001419999999999999,0.9066666666666666,0.06784332543611526,0.997696042060852,0.0
0.2430250126818152,0.01345417863684153,0.03333333333333333,0.029968101531267166,0.9995509386062622,0.0
0.4372455990144962,0.004403459410272481,0.9266666666666666,0.06039569899439812,0.9981744885444641,0.0
0.008890179845672162,0.005653220926087273,0.94,-0.2749646008014679,0.9614542722702026,0.0
0.4664035944551562,0.002577354376010696,0.3,0.06464041769504547,0.9979085922241211,0.0
0.3144821482565962,0.01079726282331179,0.26,0.043411463499069214,0.9990572929382324,0.0
0.47875,0.00176,0.0,0.06784332543611526,0.9976959228515625,0.0
0.2364134324186876,0.01364730589476923,0.1533333333333333,0.028409022837877274,0.9995964169502258,0.0
0.1479313813762675,0.01500382109377458,0.82,-0.001048326725140214,0.9999994039535522,0.0
0.1006062757905362,0.0143621585550566,0.3533333333333333,-0.027504991739988327,0.9996217489242554,0.0
0.1774585473059703,0.01484823954883366,0.1866666666666667,0.011122852563858032,0.9999380707740784,0.0
0.2874967197587609,0.01191133433109486,0.6533333333333333,0.03898395225405693,0.9992398619651794,0.0
0.49625,0.0005699999999999995,0.3933333333333333,0.06784331798553467,0.9976959228515625,0.0
0.4576332355972396,0.003139757985685132,0.64,0.06334877014160156,0.9979915022850037,0.0
0.393607637313361,0.006911123952981212,0.3066666666666666,0.0544203482568264,0.9985181093215942,0.0
0.3961365079188383,0.006772869015964482,0.96,0.054723311215639114,0.9985015988349915,0.0
0.1665239276054157,0.01494736373041719,0.8,0.006823055446147919,0.9999767541885376,0.0
0.4372455990144962,0.004403459410272481,0.8533333333333334,0.06039571017026901,0.9981746077537537,0.0
0.4825,0.001505,0.9933333333333333,0.06784332543611526,0.997696042060852,0.0
0.2058276504757906,0.01439650239807098,0.6666666666666666,0.020316272974014282,0.9997935891151428,0.0
0.1479313813762675,0.01500382109377458,0.3666666666666666,-0.001048326725140214,0.9999994039535522,0.0
0.2058276504757906,0.01439650239807098,0.58,0.020316272974014282,0.9997935891151428,0.0
0.0617185378658318,0.01258900100914509,0.5733333333333334,-0.0661713108420372,0.9978082776069641,0.0
0.3649382746802854,0.008418505809678949,1.0,0.05064282938838005,0.9987167716026306,0.0
0.0009061735767950278,0.001064722955114475,0.84,-0.7298060655593872,0.683654248714447,0.0
0.1628424622588932,0.01497016268575078,0.48,0.005179512780159712,0.9999865293502808,0.0
0.4085926978885014,0.006079394701183551,0.94,0.05645450949668884,0.9984051585197449,0.0
0.1516871021837787,0.01500453082340004,0.06666666666666667,0.0006467890343628824,0.9999997019767761,0.0
0.4728670171738458,0.002155564503190588,0.08666666666666667,0.06563060730695724,0.9978440403938293,0.0
0.464227448928703,0.002717964733788145,0.05333333333333334,0.06431899219751358,0.9979294538497925,0.0
0.2528189871588276,0.01314966520956734,0.8133333333333334,0.03215561807155609,0.9994829297065735,0.0
0.4825,0.001505,0.98,0.06784331798553467,0.9976959228515625,0.0
0.4061263402616034,0.006218360226988577,0.72,0.05608908459544182,0.9984258413314819,0.0
0.2560510686365138,0.01304454551237501,0.72,0.0328499898314476,0.9994603395462036,0.0
0.06857132421282813,0.01301566794308583,0.64,-0.05790286883711815,0.9983223080635071,0.0
0.004385078198514083,0.003813174025494425,0.3866666666666667,-0.4987661838531494,0.8667365908622742,0.0
0.1288695685518348,0.014898217976933,0.2466666666666667,-0.010196616873145103,0.9999480247497559,0.0
0.1988415290377685,0.01453136786999635,0.3666666666666666,0.018261021003127098,0.9998332262039185,0.0
0.3781656586480459,0.007736763587887849,0.52,0.052383508533239365,0.9986270666122437,0.0
0.3859446232548404,0.007324840634543438,0.92,0.053398698568344116,0.998573362827301,0.0
0.393607637313361,0.006911123952981212,0.1466666666666667,0.0544203482568264,0.9985181093215942,0.0
0.3458548251449645,0.009360383705782415,0.2066666666666667,0.04800020903348923,0.9988473653793335,0.0
0.4664035944551562,0.002577354376010696,0.8333333333333334,0.06464041769504547,0.9979085922241211,0.0
0.3026386444691577,0.01130086179671116,0.76,0.041538305580616,0.9991369843482971,0.0
0.2023433351164043,0.01446555889217266,0.44,0.019302453845739365,0.9998137354850769,0.0
0.3833646045217907,0.00746236192449844,0.82,0.05305404216051102,0.9985916614532471,0.0
0.290555514259135,0.01179116712329794,0.9466666666666667,0.03952042758464813,0.9992187023162842,0.0
0.2263710066418964,0.01392033193839007,0.64,0.025911502540111542,0.9996642470359802,0.0
0.4278852686979399,0.004963582002725781,0.7,0.059097710996866226,0.9982522130012512,0.0
0.5,0.000315,0.22,0.06784332543611526,0.9976959228515625,0.0
0.249570671848713,0.01325302879716548,0.1066666666666667,0.031445231288671494,0.9995054602622986,0.0
0.3885117588202917,0.007187120149762041,0.1466666666666667,0.053741276264190674,0.9985548853874207,0.0
0.4207409575639589,0.005382789673387536,0.9,0.058080531656742096,0.9983119368553162,0.0
0.475,0.002015,0.2066666666666667,0.06680059432983398,0.9977663159370422,0.0
0.3986527506923795,0.006634456439423702,0.1666666666666667,0.055067554116249084,0.9984825849533081,0.0
0.4775,0.001845,0.2,0.06784331798553467,0.9976959228515625,0.0
0.3541153930195648,0.008958741381604492,0.5333333333333333,0.04909679666161537,0.9987940788269043,0.0
0.06857132421282813,0.01301566794308583,0.9666666666666667,-0.05748516321182251,0.9983463287353516,0.0
0.1738318846481075,0.01488617462614491,0.32,0.00977245531976223,0.9999521970748901,0.0
0.1403635420116693,0.01498269818436964,0.5933333333333334,-0.004754218738526106,0.9999887347221375,0.0
0.4875,0.001164999999999999,0.006666666666666667,0.06784331798553467,0.9976959228515625,0.0
0.290555514259135,0.01179116712329794,0.9733333333333334,0.03952042758464813,0.9992187023162842,0.0
0.3781656586480459,0.007736763587887849,0.3133333333333334,0.05235851928591728,0.9986283779144287,0.0
0.3318085145224015,0.01002152667429443,0.9533333333333334,0.046012699604034424,0.9989408850669861,0.0
0.49625,0.0005699999999999995,0.9333333333333333,0.06784332543611526,0.997696042060852,0.0
0.3430736199044813,0.00949350339184359,0.8333333333333334,0.04761529713869095,0.9988657832145691,0.0
0.06857132421282813,0.01301566794308583,0.1466666666666667,-0.05790286883711815,0.9983223080635071,0.0
0.0650922047897898,0.01280657478668069,0.2333333333333333,-0.06261147558689117,0.9980380535125732,0.0
0.48375,0.001419999999999999,0.9466666666666667,0.06784331798553467,0.9976959228515625,0.0
0.03561951842704848,0.01029066800911788,0.05333333333333334,-0.1131366565823555,0.9935793876647949,0.0
0.4825,0.001505,0.0,0.06784332543611526,0.9976959228515625,0.0
0.3026386444691577,0.01130086179671116,0.14,0.041538305580616,0.9991369843482971,0.0
0.001938592788506745,0.002066640433036111,0.2733333333333333,-0.6598626375198364,0.751386284828186,0.0
0.07215908143162554,0.01321622861434639,0.3333333333333333,-0.05422979220747948,0.9985284209251404,0.0
0.2161765053725568,0.01417100420273847,0.12,0.02314995601773262,0.9997320771217346,0.0
0.0617185378658318,0.01258900100914509,0.88,-0.06630081683397293,0.9977996349334717,0.0
0.430242956841666,0.004823668001613905,0.2266666666666667,0.05940484255552292,0.9982340931892395,0.0
0.2935990270690971,0.01166998401393008,0.5866666666666667,0.04004364088177681,0.9991979598999023,0.0
0.1953221463020813,0.01459378509486959,0.12,0.017182650044560432,0.9998523592948914,0.0
0.464227448928703,0.002717964733788145,0.6066666666666667,0.06431899219751358,0.9979294538497925,0.0
0.495,0.0006549999999999995,0.6266666666666667,0.06784331798553467,0.9976959228515625,0.0
0.03314461873146796,0.01000061829142671,0.2066666666666667,-0.12027018517255783,0.9927412271499634,0.0
0.04632693315468878,0.01138195469381721,0.1066666666666667,-0.09088332206010818,0.9958615303039551,0.0
0.0009061735767950278,0.001064722955114475,0.52,-0.7405754327774048,0.6719731688499451,0.0
0.001938592788506745,0.002066640433036111,0.7466666666666667,-0.6598626375198364,0.7513863444328308,0.0
0.2719707984721324,0.01249498733243815,0.2733333333333333,0.03609631955623627,0.9993483424186707,0.0
0.2560510686365138,0.01304454551237501,0.9733333333333334,0.0328499898314476,0.9994603395462036,0.0
0.2397275040769667,0.01355179038350446,0.6266666666666667,0.02919897250831127,0.9995736479759216,0.0
0.02842275586216318,0.00938881596464451,0.8933333333333333,-0.13790598511695862,0.9904451966285706,0.0
0.1738318846481075,0.01488617462614491,0.3866666666666667,0.009909859858453274,0.9999508857727051,0.0
0.4464203052631362,0.003842271332221238,0.4666666666666667,0.06168957054615021,0.9980953931808472,0.0
0.464227448928703,0.002717964733788145,0.8333333333333334,0.06431899219751358,0.9979294538497925,0.0
0.4509391983323778,0.00356137259084234,0.1666666666666667,0.062369730323553085,0.9980531930923462,0.0
0.06857132421282813,0.01301566794308583,0.9333333333333333,-0.05748516321182251,0.9983463287353516,0.0
0.49375,0.0007399999999999996,0.8866666666666667,0.06784331798553467,0.9976959228515625,0.0
0.1051913447262294,0.0144830738662247,0.2933333333333333,-0.024975668638944626,0.9996879696846008,0.0
0.125,0.014855,0.2666666666666667,-0.013405709527432919,0.9999101758003235,0.0
0.49375,0.0007399999999999996,0.56,0.06784332543611526,0.997696042060852,0.0
0.2092945605397177,0.01432431545006683,0.3266666666666667,0.021306326612830162,0.9997729659080505,0.0
0.1917851001471857,0.01465262423751573,0.6266666666666667,0.016060885041952133,0.9998709559440613,0.0
0.393607637313361,0.006911123952981212,0.2666666666666667,0.0544203482568264,0.9985181093215942,0.0
0.3174061437764167,0.01066954239408562,0.3866666666666667,0.04386204481124878,0.9990376234054565,0.0
0.02188308974271713,0.008373593985938307,0.5533333333333333,-0.16891424357891083,0.9856307506561279,0.0
0.05527529103542889,0.01212911808055398,0.48,-0.07548648118972778,0.9971468448638916,0.0
0.49375,0.0007399999999999996,0.2733333333333333,0.06784332543611526,0.997696042060852,0.0
0.1988415290377685,0.01453136786999635,0.7266666666666667,0.018261021003127098,0.9998332262039185,0.0
0.4509391983323778,0.00356137259084234,0.9733333333333334,0.062369730323553085,0.9980531930923462,0.0
0.4207409575639589,0.005382789673387536,0.08,0.058080531656742096,0.9983119368553162,0.0
0.2430250126818152,0.01345417863684153,0.86,0.029968101531267166,0.9995509386062622,0.0
0.01786294692090894,0.007639389485525302,0.3266666666666667,-0.18923711776733398,0.9819313883781433,0.0
0.49625,0.0005699999999999995,0.64,0.06784332543611526,0.997696042060852,0.0
0.2624668544916574,0.01282931451323828,0.9066666666666666,0.03419305756688118,0.9994152784347534,0.0
0.3807716379709171,0.007599673228266771,0.46,0.052707329392433167,0.9986100792884827,0.0
0.3289568122061492,0.01015228887615362,0.9333333333333333,0.0455959253013134,0.9989599585533142,0.0
0.2297352672259797,0.01383167315155853,0.2933333333333333,0.026765568181872368,0.9996417164802551,0.0
0.49875,0.0003999999999999999,0.24,0.06784332543611526,0.997696042060852,0.0
0.4598423244149021,0.002999172278504974,0.4,0.06369628757238388,0.9979693293571472,0.0
0.3289568122061492,0.01015228887615362,0.88,0.0455959253013134,0.9989599585533142,0.0
0.2751071703338985,0.01238073945986909,0.6466666666666666,0.03670180216431618,0.9993263483047485,0.0
0.401156428675446,0.00649589613923182,0.6733333333333333,0.055424369871616364,0.9984628558158875,0.0
0.04921792768622848,0.01163820281918356,0.08666666666666667,-0.08577948063611984,0.9963141679763794,0.0
0.49,0.0009949999999999994,0.04,0.06784331798553467,0.9976959228515625,0.0
0.2092945605397177,0.01432431545006683,0.8733333333333333,0.021306326612830162,0.9997729659080505,0.0
0.1665239276054157,0.01494736373041719,0.3266666666666667,0.006928100250661373,0.9999759793281555,0.0
0.4620403771815685,0.002858572603366629,0.28,0.06399654597043991,0.9979500770568848,0.0
0.49625,0.0005699999999999995,0.24,0.06784331798553467,0.9976959228515625,0.0
0.02842275586216318,0.00938881596464451,0.32,-0.13790598511695862,0.9904451966285706,0.0
0.3622528366719601,0.008554030827018985,0.3,0.050221141427755356,0.998738169670105,0.0
0.2624668544916574,0.01282931451323828,0.8266666666666667,0.03419305756688118,0.9994152784347534,0.0
0.2023433351164043,0.01446555889217266,0.7333333333333333,0.019302453845739365,0.9998137354850769,0.0
0.2560510686365138,0.01304454551237501,0.5866666666666667,0.0328499898314476,0.9994603395462036,0.0
0.4509391983323778,0.00356137259084234,0.1,0.062369730323553085,0.9980531930923462,0.0
0.356841463571133,0.008824161069847073,0.9866666666666667,0.04949137568473816,0.9987746477127075,0.0
0.04080699868922523,0.01084902757241398,0.14,-0.10152614861726761,0.9948327541351318,0.0
0.07215908143162554,0.01321622861434639,0.76,-0.05317340046167374,0.9985852837562561,0.0
0.3729144003044829,0.008010236798966815,0.8666666666666667,0.051654599606990814,0.9986650347709656,0.0
0.3144821482565962,0.01079726282331179,0.7133333333333334,0.043411463499069214,0.9990572929382324,0.0
0.3289568122061492,0.01015228887615362,0.38,0.0455959253013134,0.9989599585533142,0.0
0.3541153930195648,0.008958741381604492,0.4266666666666667,0.04912317544221878,0.9987927675247192,0.0
0.4925,0.0008249999999999993,0.04666666666666667,0.06784331798553467,0.9976959228515625,0.0
0.08360763609512023,0.01376639299927757,0.7066666666666667,-0.04245787858963013,0.9990981817245483,0.0
0.2330827145954583,0.01374063194468844,0.9866666666666667,0.027515815570950508,0.9996213912963867,0.0
0.2263710066418964,0.01392033193839007,0.72,0.025911502540111542,0.9996642470359802,0.0
0.4372455990144962,0.004403459410272481,0.4133333333333333,0.060372136533260345,0.9981759190559387,0.0
0.007293991338472317,0.005141105643720313,0.14,-0.3403799831867218,0.9402880072593689,0.0
0.49625,0.0005699999999999995,0.03333333333333333,0.06784332543611526,0.997696042060852,0.0
0.06857132421282813,0.01301566794308583,0.42,-0.05859901383519173,0.9982816576957703,0.0
0.3986527506923795,0.006634456439423702,0.5333333333333333,0.05505802109837532,0.9984831809997559,0.0
0.2330827145954583,0.01374063194468844,0.09333333333333334,0.027597982436418533,0.9996191263198853,0.0
0.2161765053725568,0.01417100420273847,0.2266666666666667,0.02330973744392395,0.999728262424469,0.0
0.2528189871588276,0.01314966520956734,0.3066666666666666,0.03215561807155609,0.9994829297065735,0.0
0.3781656586480459,0.007736763587887849,0.38,0.05235851928591728,0.9986283779144287,0.0
0.3056217972921486,0.01117611773519134,0.78,0.04201739653944969,0.9991169571876526,0.0
0.07585876163308795,0.01340832592623976,0.2,-0.05022834986448288,0.9987377524375916,0.0
0.4925,0.0008249999999999993,0.36,0.06784332543611526,0.997696042060852,0.0
0.3085900491609768,0.01105058180303105,0.6266666666666667,0.042489226907491684,0.9990969896316528,0.0
0.48375,0.001419999999999999,0.4733333333333333,0.06784331798553467,0.9976959228515625,0.0
0.07215908143162554,0.01321622861434639,0.14,-0.05355069041252136,0.998565137386322,0.0
0.49125,0.0009099999999999994,0.05333333333333334,0.06784331798553467,0.9976959228515625,0.0
0.4372455990144962,0.004403459410272481,0.02,0.060395702719688416,0.9981745481491089,0.0
0.0617185378658318,0.01258900100914509,0.8066666666666666,-0.06662458181381226,0.997778058052063,0.0
0.03314461873146796,0.01000061829142671,0.3333333333333333,-0.12082293629646301,0.9926740527153015,0.0
0.2092945605397177,0.01432431545006683,0.3,0.021306326612830162,0.9997729659080505,0.0
0.3430736199044813,0.00949350339184359,0.9466666666666667,0.04761529713869095,0.9988657832145691,0.0
0.2560510686365138,0.01304454551237501,0.5933333333333334,0.0328499935567379,0.9994603395462036,0.0
0.1365512600842511,0.01496181836188254,0.2133333333333333,-0.006402658298611641,0.9999794960021973,0.0
0.1591425590720778,0.01498745206342479,0.1933333333333333,0.0037758187390863895,0.9999929070472717,0.0
0.441855924209509,0.004122979505823145,0.4666666666666667,0.061000071465969086,0.9981377124786377,0.0
0.1701870399669289,0.0149192909621303,0.1,0.00837442185729742,0.9999648332595825,0.0
0.2656507202558925,0.01271933779290769,0.22,0.03484213352203369,0.9993929266929626,0.0
0.03561951842704848,0.01029066800911788,0.02,-0.1131366714835167,0.9935794472694397,0.0
0.475,0.002015,0.48,0.06680060178041458,0.997766375541687,0.0
0.04080699868922523,0.01084902757241398,0.4266666666666667,-0.10152614861726761,0.9948327541351318,0.0
0.05527529103542889,0.01212911808055398,0.66,-0.07548648118972778,0.9971468448638916,0.0
0.1665239276054157,0.01494736373041719,0.9266666666666666,0.006928100250661373,0.9999759793281555,0.0
0.181067113868047,0.0148057052375217,0.3866666666666667,0.012426257133483887,0.9999228119850159,0.0
0.1988415290377685,0.01453136786999635,0.38,0.018261021003127098,0.9998332262039185,0.0
0.2263710066418964,0.01392033193839007,0.4266666666666667,0.025911502540111542,0.9996642470359802,0.0
0.2688186749577082,0.0126078741859646,0.02,0.03547649085521698,0.9993705153465271,0.0
0.249570671848713,0.01325302879716548,0.98,0.031445231288671494,0.9995054602622986,0.0
0.2297352672259797,0.01383167315155853,0.7066666666666667,0.026765568181872368,0.9996417164802551,0.0
0.3885117588202917,0.007187120149762041,0.09333333333333334,0.053741276264190674,0.9985548853874207,0.0
0.4159181158837894,0.005661767401785669,0.9333333333333333,0.057450439780950546,0.9983483552932739,0.0
0.2592669974514128,0.01293773926827053,0.8,0.03352908045053482,0.9994377493858337,0.0
0.3056217972921486,0.01117611773519134,0.3533333333333333,0.04201739653944969,0.9991169571876526,0.0
0.3174061437764167,0.01066954239408562,0.3133333333333334,0.04386204481124878,0.9990376234054565,0.0
0.4395565333129295,0.004263250360661108,0.9,0.060701921582221985,0.998155951499939,0.0
0.3885117588202917,0.007187120149762041,0.5,0.0537656806409359,0.9985535740852356,0.0
0.4207409575639589,0.005382789673387536,0.86,0.058080531656742096,0.9983119368553162,0.0
0.1701870399669289,0.0149192909621303,0.76,0.00837442185729742,0.9999648332595825,0.0
0.2688186749577082,0.0126078741859646,0.06,0.03547649085521698,0.9993705153465271,0.0
0.4159181158837894,0.005661767401785669,0.1666666666666667,0.05739356204867363,0.9983516335487366,0.0
0.2330827145954583,0.01374063194468844,0.8333333333333334,0.027656670659780502,0.9996174573898315,0.0
0.01056182494919397,0.006093054031238253,0.06666666666666667,-0.2388894408941269,0.9710468053817749,0.0
0.003099394067815285,0.002987927427671873,0.3933333333333333,-0.5897781252861023,0.8075652122497559,0.0
0.3755466012917554,0.007873621876772315,0.1133333333333333,0.052007611840963364,0.9986466765403748,0.0
0.4464203052631362,0.003842271332221238,0.1666666666666667,0.06171305105090141,0.9980939626693726,0.0
0.1327199622262978,0.01493374030552165,0.8533333333333334,-0.008412315510213375,0.9999645352363586,0.0
0.3260907963564813,0.01028249977567646,0.16,0.045172568410634995,0.9989792704582214,0.0
0.3203155348544872,0.01054115535650971,0.5133333333333333,0.044305697083473206,0.9990180730819702,0.0
0.119818594001778,0.01477780150039562,0.3266666666666667,-0.016307884827256203,0.9998670220375061,0.0
0.3755466012917554,0.007873621876772315,0.6,0.052007611840963364,0.9986466765403748,0.0
0.2092945605397177,0.01432431545006683,0.1133333333333333,0.021306326612830162,0.9997729659080505,0.0
0.48,0.001675,0.56,0.06784332543611526,0.9976959824562073,0.0
0.3807716379709171,0.007599673228266771,0.62,0.052707329392433167,0.9986100792884827,0.0
0.08766401182060075,0.01393122375603627,0.76,-0.03840173780918121,0.9992623329162598,0.0
0.4509391983323778,0.00356137259084234,0.3733333333333334,0.062346313148736954,0.998054563999176,0.0
0.188230303793172,0.01470769093303349,0.2866666666666667,0.014894642867147923,0.9998890161514282,0.0
0.485,0.001334999999999999,0.08,0.06784332543611526,0.997696042060852,0.0
0.07215908143162554,0.01321622861434639,0.64,-0.05355069041252136,0.998565137386322,0.0
0.0009061735767950278,0.001064722955114475,0.9933333333333333,-0.7298060655593872,0.683654248714447,0.0
0.2195917099925405,0.01409010071620109,0.8466666666666667,0.02413727156817913,0.9997087121009827,0.0
0.3026386444691577,0.01130086179671116,0.3733333333333334,0.041538305580616,0.9991369843482971,0.0
0.3085900491609768,0.01105058180303105,1.0,0.042489226907491684,0.9990969896316528,0.0
0.1953221463020813,0.01459378509486959,0.7866666666666666,0.017182650044560432,0.9998523592948914,0.0
0.2263710066418964,0.01392033193839007,0.78,0.025911502540111542,0.9996642470359802,0.0
0.4134885245990569,0.005801093338797506,0.38,0.057085394859313965,0.9983693361282349,0.0
0.4509391983323778,0.00356137259084234,0.64,0.062369730323553085,0.9980531930923462,0.0
0.2966273352808951,0.01154783804243417,0.1266666666666667,0.04055375978350639,0.9991773962974548,0.0
0.3833646045217907,0.00746236192449844,0.006666666666666667,0.053054045885801315,0.9985917210578918,0.0
0.08766401182060075,0.01393122375603627,0.2733333333333333,-0.03840173780918121,0.9992623329162598,0.0
0.3085900491609768,0.01105058180303105,0.3666666666666666,0.042489226907491684,0.9990969896316528,0.0
0.008890179845672162,0.005653220926087273,0.6533333333333333,-0.2749646008014679,0.9614542722702026,0.0
0.3513756422536126,0.009092981566040463,0.4066666666666667,0.04875270649790764,0.998810887336731,0.0
0.3910660755153386,0.007049211099749538,0.4933333333333333,0.05402524769306183,0.9985395669937134,0.0
0.3702689897493032,0.008146596887014346,0.0,0.05129946023225784,0.9986833333969116,0.0
0.1403635420116693,0.01498269818436964,0.8933333333333333,-0.004573546815663576,0.9999895691871643,0.0
0.4349230635664786,0.004543601892265997,0.8533333333333334,0.060042086988687515,0.9981958270072937,0.0
0.1738318846481075,0.01488617462614491,0.9666666666666667,0.00977245531976223,0.9999521970748901,0.0
0.08360763609512023,0.01376639299927757,0.4533333333333333,-0.04245787858963013,0.9990981817245483,0.0
0.3986527506923795,0.006634456439423702,0.7333333333333333,0.05509138107299805,0.9984813928604126,0.0
0.01409425474986475,0.0068776994430674,0.6933333333333334,-0.20654918253421783,0.9784362316131592,0.0
0.3430736199044813,0.00949350339184359,0.78,0.04761529713869095,0.9988657832145691,0.0
0.3833646045217907,0.00746236192449844,0.1,0.05302934721112251,0.9985929131507874,0.0
0.5,0.000315,0.3333333333333333,0.06784332543611526,0.9976959228515625,0.0
0.1327199622262978,0.01493374030552165,0.48,-0.00814133882522583,0.9999668598175049,0.0
0.4925,0.0008249999999999993,0.3066666666666666,0.06784332543611526,0.997696042060852,0.0
0.1774585473059703,0.01484823954883366,0.8866666666666667,0.011122852563858032,0.9999380707740784,0.0
0.2560510686365138,0.01304454551237501,0.9266666666666666,0.0328499898314476,0.9994603395462036,0.0
0.184657670562745,0.01475878597804615,0.2133333333333333,0.013683311641216278,0.9999063611030579,0.0
0.4531817282716029,0.003420864078978696,0.48,0.06267368793487549,0.9980340600013733,0.0
0.1628424622588932,0.01497016268575078,0.3133333333333334,0.005432831589132547,0.9999852180480957,0.0
0.4231343283725131,0.005243147704171655,0.8133333333333334,0.05837877839803696,0.9982945322990417,0.0
0.2592669974514128,0.01293773926827053,0.7266666666666667,0.03352908045053482,0.9994377493858337,0.0
0.485,0.001334999999999999,0.3066666666666666,0.06784332543611526,0.997696042060852,0.0
0.4159181158837894,0.005661767401785669,0.18,0.05744095891714096,0.9983488917350769,0.0
0.03561951842704848,0.01029066800911788,0.5266666666666666,-0.1131366565823555,0.9935793876647949,0.0
0.48625,0.001249999999999999,0.26,0.06784332543611526,0.997696042060852,0.0
0.02188308974271713,0.008373593985938307,1.0,-0.17138296365737915,0.9852044582366943,0.0
0.1327199622262978,0.01493374030552165,0.5666666666666667,-0.008276826702058315,0.9999657273292542,0.0
0.01984048992936868,0.00801088466266936,0.07333333333333333,-0.17973458766937256,0.9837151169776917,0.0
0.2263710066418964,0.01392033193839007,0.5266666666666666,0.025911502540111542,0.9996642470359802,0.0
0.464227448928703,0.002717964733788145,0.86,0.06431899219751358,0.9979294538497925,0.0
0.01984048992936868,0.00801088466266936,0.3,-0.17973458766937256,0.9837151169776917,0.0
0.4278852686979399,0.004963582002725781,0.22,0.059074077755212784,0.9982537031173706,0.0
0.08766401182060075,0.01393122375603627,0.8666666666666667,-0.03876837342977524,0.999248206615448,0.0
0.01229876263063634,0.006490891335877659,0.9733333333333334,-0.21693700551986694,0.9761855602264404,0.0
0.119818594001778,0.01477780150039562,0.96,-0.015884768217802048,0.9998738169670105,0.0
0.04352415487178414,0.01111881138242015,0.5933333333333334,-0.09613972157239914,0.9953678846359253,0.0
0.05844723311492234,0.01236310171678466,0.58,-0.07169657200574875,0.9974265098571777,0.0
0.1774585473059703,0.01484823954883366,0.22,0.011122852563858032,0.9999380707740784,0.0
0.04632693315468878,0.01138195469381721,0.5733333333333334,-0.09088332206010818,0.9958615303039551,0.0
0.09615940919343735,0.01422962702889811,0.8266666666666667,-0.031204944476485252,0.9995130300521851,0.0
0.475,0.002015,0.6,0.06694956123828888,0.9977563619613647,0.0
0.119818594001778,0.01477780150039562,0.9,-0.016307884827256203,0.9998670220375061,0.0
0.4775,0.001845,0.7733333333333333,0.06784331798553467,0.9976959228515625,0.0
0.2813329754574629,0.01214840266207752,0.34,0.03787047043442726,0.999282717704773,0.0
0.4620403771815685,0.002858572603366629,0.7866666666666666,0.06399654597043991,0.9979500770568848,0.0
0.401156428675446,0.00649589613923182,0.8933333333333333,0.055424369871616364,0.9984628558158875,0.0
0.1738318846481075,0.01488617462614491,0.1333333333333333,0.00977245531976223,0.9999521970748901,0.0
0.4685688682256368,0.00243674717600387,0.9733333333333334,0.06496088206768036,0.997887909412384,0.0
0.2058276504757906,0.01439650239807098,0.7,0.020316272974014282,0.9997935891151428,0.0
0.49125,0.0009099999999999994,0.62,0.06784332543611526,0.997696042060852,0.0
0.02842275586216318,0.00938881596464451,0.78,-0.13790598511695862,0.9904451966285706,0.0
0.4349230635664786,0.004543601892265997,0.3266666666666667,0.060042086988687515,0.9981958270072937,0.0
0.4775,0.001845,0.88,0.06784331798553467,0.9976959228515625,0.0
0.1365512600842511,0.01496181836188254,0.0,-0.006402658764272928,0.9999794960021973,0.0
0.2195917099925405,0.01409010071620109,0.4666666666666667,0.02413727156817913,0.9997087121009827,0.0
0.1917851001471857,0.01465262423751573,0.4866666666666667,0.01614258997142315,0.9998697638511658,0.0
0.07967376769612333,0.0135918955763818,0.1533333333333333,-0.0465630441904068,0.9989153742790222,0.0
0.2935990270690971,0.01166998401393008,0.48,0.04004364088177681,0.9991979598999023,0.0
0.2463060410957821,0.01335456176368123,0.7866666666666666,0.03071668930351734,0.9995282292366028,0.0
0.119818594001778,0.01477780150039562,0.86,-0.015884768217802048,0.9998738169670105,0.0
0.2656507202558925,0.01271933779290769,0.72,0.03484213352203369,0.9993929266929626,0.0
0.04080699868922523,0.01084902757241398,0.38,-0.10113721340894699,0.994872510433197,0.0
0.2751071703338985,0.01238073945986909,0.1333333333333333,0.03670180216431618,0.9993263483047485,0.0
0.4598423244149021,0.002999172278504974,0.4666666666666667,0.06372714042663574,0.9979674220085144,0.0
0.184657670562745,0.01475878597804615,0.24,0.013683311641216278,0.9999063611030579,0.0
0.3649382746802854,0.008418505809678949,0.5866666666666667,0.050582751631736755,0.9987199902534485,0.0
0.2297352672259797,0.01383167315155853,0.74,0.026765568181872368,0.9996417164802551,0.0
0.04352415487178414,0.01111881138242015,0.4,-0.09560693800449371,0.9954192042350769,0.0
0.49,0.0009949999999999994,0.5866666666666667,0.06784332543611526,0.997696042060852,0.0
0.04632693315468878,0.01138195469381721,0.06666666666666667,-0.09088332206010818,0.9958615303039551,0.0
0.188230303793172,0.01470769093303349,0.1266666666666667,0.014894642867147923,0.9998890161514282,0.0
0.2560510686365138,0.01304454551237501,0.4666666666666667,0.03289904072880745,0.9994586706161499,0.0
0.3085900491609768,0.01105058180303105,0.6066666666666667,0.042489226907491684,0.9990969896316528,0.0
0.02842275586216318,0.00938881596464451,0.7666666666666667,-0.13790598511695862,0.9904451966285706,0.0
0.0,0.0,0.06,-0.7615301012992859,0.6481295824050903,0.0
0.4707233244782099,0.002296148712996983,0.3133333333333334,0.06524843722581863,0.9978690147399902,0.0
0.4664035944551562,0.002577354376010696,0.34,0.06464041769504547,0.9979085922241211,0.0
0.184657670562745,0.01475878597804615,0.8266666666666667,0.013683311641216278,0.9999063611030579,0.0
0.04921792768622848,0.01163820281918356,0.64,-0.08577948063611984,0.9963141679763794,0.0
0.4975,0.0004849999999999998,0.14,0.06784331798553467,0.9976959228515625,0.0
0.4554130554103303,0.003280323887142265,0.1,0.0630233883857727,0.9980120658874512,0.0
0.04921792768622848,0.01163820281918356,0.3866666666666667,-0.08577948063611984,0.9963141679763794,0.0
0.2023433351164043,0.01446555889217266,0.07333333333333333,0.019302453845739365,0.9998137354850769,0.0
0.3115434747074761,0.0109242862886953,0.2733333333333333,0.042953893542289734,0.9990771412849426,0.0
0.4728670171738458,0.002155564503190588,0.1466666666666667,0.06557609140872955,0.9978475570678711,0.0
0.4486854094513163,0.003701843435182584,0.7,0.06204163283109665,0.9980736374855042,0.0
0.2560510686365138,0.01304454551237501,0.94,0.0328499898314476,0.9994603395462036,0.0
0.3458548251449645,0.009360383705782415,0.94,0.04800020903348923,0.9988473653793335,0.0
0.3885117588202917,0.007187120149762041,0.6333333333333333,0.053741276264190674,0.9985548853874207,0.0
0.2935990270690971,0.01166998401393008,0.5533333333333333,0.04004364088177681,0.9991979598999023,0.0
0.09184664796315946,0.01408581551919872,0.4,-0.03549196571111679,0.9993698596954346,0.0
0.4231343283725131,0.005243147704171655,0.1266666666666667,0.05837877839803696,0.9982945322990417,0.0
0.125,0.014855,0.4333333333333333,-0.013654342852532864,0.9999067187309265,0.0
0.184657670562745,0.01475878597804615,0.7266666666666667,0.013683311641216278,0.9999063611030579,0.0
0.4875,0.001164999999999999,0.6,0.06784331798553467,0.9976959228515625,0.0
0.184657670562745,0.01475878597804615,0.94,0.013683311641216278,0.9999063611030579,0.0
0.3986527506923795,0.006634456439423702,0.6733333333333333,0.05512472987174988,0.9984794855117798,0.0
0.1365512600842511,0.01496181836188254,0.44,-0.006402658298611641,0.9999794960021973,0.0
0.02617219785806486,0.009064045791437863,0.4066666666666667,-0.1481945812702179,0.9889581799507141,0.0
0.4207409575639589,0.005382789673387536,0.1933333333333333,0.058080531656742096,0.9983119368553162,0.0
0.3486221426798262,0.009226868476435031,0.5066666666666667,0.04837900027632713,0.9988290667533875,0.0
0.4925,0.0008249999999999993,0.52,0.06784332543611526,0.9976959824562073,0.0
0.04632693315468878,0.01138195469381721,0.46,-0.09140180796384811,0.9958140850067139,0.0
0.4325888689334636,0.004683673024277813,0.5266666666666666,0.059711769223213196,0.9982156753540039,0.0
0.1288695685518348,0.014898217976933,0.9733333333333334,-0.010196617804467678,0.9999480247497559,0.0
0.2813329754574629,0.01214840266207752,0.68,0.03787047043442726,0.999282717704773,0.0
0.49625,0.0005699999999999995,0.8733333333333333,0.06784332543611526,0.997696042060852,0.0
0.01229876263063634,0.006490891335877659,0.24,-0.21693702042102814,0.9761856198310852,0.0
0.464227448928703,0.002717964733788145,0.3666666666666666,0.06431899219751358,0.9979294538497925,0.0
0.2127441504994105,0.01424911217443422,0.86,0.022368479520082474,0.9997497797012329,0.0
0.04921792768622848,0.01163820281918356,0.98,-0.08577948063611984,0.9963141679763794,0.0
0.4486854094513163,0.003701843435182584,0.9933333333333333,0.06204163283109665,0.9980736374855042,0.0
0.2330827145954583,0.01374063194468844,0.6266666666666667,0.027597982436418533,0.9996191263198853,0.0
0.3318085145224015,0.01002152667429443,0.1933333333333333,0.046012699604034424,0.9989408850669861,0.0
0.2813329754574629,0.01214840266207752,0.2866666666666667,0.03787047043442726,0.999282717704773,0.0
0.05844723311492234,0.01236310171678466,0.3066666666666666,-0.07122895866632462,0.9974599480628967,0.0
0.2092945605397177,0.01432431545006683,0.7533333333333333,0.021208496764302254,0.9997749924659729,0.0
0.1591425590720778,0.01498745206342479,0.94,0.0037758187390863895,0.9999929070472717,0.0
0.03314461873146796,0.01000061829142671,0.92,-0.12027018517255783,0.9927412271499634,0.0
0.01056182494919397,0.006093054031238253,0.5266666666666666,-0.2366606593132019,0.9715922474861145,0.0
0.1628424622588932,0.01497016268575078,0.09333333333333334,0.005432831589132547,0.9999852180480957,0.0
0.2023433351164043,0.01446555889217266,0.04,0.019302453845739365,0.9998137354850769,0.0
0.3541153930195648,0.008958741381604492,0.05333333333333334,0.04912317544221878,0.9987927675247192,0.0
0.3781656586480459,0.007736763587887849,0.2466666666666667,0.05239350348711014,0.9986265301704407,0.0
0.3622528366719601,0.008554030827018985,0.9,0.050221141427755356,0.998738169670105,0.0
0.3859446232548404,0.007324840634543438,0.2133333333333333,0.053398698568344116,0.998573362827301,0.0
0.3676103033988601,0.008282690497122288,0.26,0.05094218999147415,0.9987016916275024,0.0
0.3260907963564813,0.01028249977567646,0.9066666666666666,0.045172568410634995,0.9989792704582214,0.0
0.4278852686979399,0.004963582002725781,0.78,0.059074077755212784,0.9982537031173706,0.0
0.2023433351164043,0.01446555889217266,0.8933333333333333,0.019302453845739365,0.9998137354850769,0.0
0.356841463571133,0.008824161069847073,0.8933333333333333,0.04949137568473816,0.9987746477127075,0.0
0.02188308974271713,0.008373593985938307,0.7933333333333333,-0.1696549504995346,0.9855035543441772,0.0
0.01786294692090894,0.007639389485525302,0.9733333333333334,-0.18923711776733398,0.9819313883781433,0.0
0.48875,0.001079999999999999,0.5933333333333334,0.06784331798553467,0.9976959228515625,0.0
0.2397275040769667,0.01355179038350446,0.56,0.029121026396751404,0.9995759129524231,0.0
0.48375,0.001419999999999999,0.2666666666666667,0.06784332543611526,0.997696042060852,0.0
0.3374692655249677,0.009758457201575484,0.1,0.046826742589473724,0.9989030361175537,0.0
0.125,0.014855,0.32,-0.013032759539783001,0.9999150037765503,0.0
0.1917851001471857,0.01465262423751573,0.9133333333333333,0.016060885041952133,0.9998709559440613,0.0
0.4598423244149021,0.002999172278504974,0.07333333333333333,0.06367315351963043,0.9979708790779114,0.0
0.4707233244782099,0.002296148712996983,0.8866666666666667,0.06524843722581863,0.9978690147399902,0.0
0.3486221426798262,0.009226868476435031,0.9866666666666667,0.04837900027632713,0.9988290667533875,0.0
0.3346459751325647,0.009890240522146487,0.5933333333333334,0.046422943472862244,0.9989218711853027,0.0
0.02842275586216318,0.00938881596464451,0.5133333333333333,-0.1379060000181198,0.9904453158378601,0.0
0.3174061437764167,0.01066954239408562,0.34,0.04386204481124878,0.9990376234054565,0.0
0.01229876263063634,0.006490891335877659,0.2533333333333334,-0.21693702042102814,0.9761856198310852,0.0
0.4207409575639589,0.005382789673387536,0.2133333333333333,0.05804738029837608,0.998313844203949,0.0
0.249570671848713,0.01325302879716548,0.3933333333333333,0.031445231288671494,0.9995054602622986,0.0
0.4134885245990569,0.005801093338797506,0.5266666666666666,0.057085394859313965,0.9983693361282349,0.0
0.005787204408179481,0.00453195948054921,0.4133333333333333,-0.41008323431015015,0.9120481610298157,0.0
0.3346459751325647,0.009890240522146487,0.9866666666666667,0.046422943472862244,0.9989218711853027,0.0
0.4441438291412156,0.003982651589042792,0.4333333333333333,0.061384167522192,0.998114287853241,0.0
0.48625,0.001249999999999999,0.6,0.06784332543611526,0.997696042060852,0.0
0.03314461873146796,0.01000061829142671,0.8533333333333334,-0.12027018517255783,0.9927412271499634,0.0
0.1591425590720778,0.01498745206342479,0.8133333333333334,0.003887950675562024,0.999992311000824,0.0
0.2127441504994105,0.01424911217443422,0.9933333333333333,0.022432150319218636,0.9997484087944031,0.0
0.1479313813762675,0.01500382109377458,0.4733333333333333,-0.0008764559752307832,0.9999996423721313,0.0
0.3859446232548404,0.007324840634543438,0.2066666666666667,0.053398698568344116,0.998573362827301,0.0
0.475,0.002015,0.5533333333333333,0.06700915098190308,0.9977523684501648,0.0
0.48625,0.001249999999999999,0.7133333333333334,0.06784332543611526,0.997696042060852,0.0
0.2656507202558925,0.01271933779290769,0.5,0.0349062941968441,0.9993906021118164,0.0
0.3056217972921486,0.01117611773519134,0.3866666666666667,0.04201739653944969,0.9991169571876526,0.0
0.441855924209509,0.004122979505823145,0.6266666666666667,0.06107848510146141,0.9981329441070557,0.0
0.2813329754574629,0.01214840266207752,0.5466666666666666,0.03787047043442726,0.999282717704773,0.0
0.49125,0.0009099999999999994,0.6,0.06784332543611526,0.997696042060852,0.0
0.004385078198514083,0.003813174025494425,0.2333333333333333,-0.4987661838531494,0.8667365908622742,0.0
0.003099394067815285,0.002987927427671873,0.44,-0.5816482901573181,0.8134403228759766,0.0
0.07215908143162554,0.01321622861434639,0.1866666666666667,-0.05355069041252136,0.998565137386322,0.0
0.2161765053725568,0.01417100420273847,0.02666666666666667,0.02314995601773262,0.9997320771217346,0.0
0.4685688682256368,0.00243674717600387,0.88,0.06496088206768036,0.997887909412384,0.0
0.1591425590720778,0.01498745206342479,0.44,0.003887950675562024,0.999992311000824,0.0
0.4231343283725131,0.005243147704171655,0.38,0.05837877839803696,0.9982945322990417,0.0
0.02842275586216318,0.00938881596464451,0.1666666666666667,-0.13790598511695862,0.9904451966285706,0.0
0.4036476044762832,0.006357195698268361,0.7466666666666667,0.05575677379965782,0.9984444379806519,0.0
0.4183355734181042,0.005522331207398173,0.3933333333333333,0.05772528797388077,0.9983325004577637,0.0
0.4325888689334636,0.004683673024277813,0.8133333333333334,0.05973536893725395,0.9982142448425293,0.0
0.3174061437764167,0.01066954239408562,0.6533333333333333,0.04386204481124878,0.9990376234054565,0.0
0.07585876163308795,0.01340832592623976,0.03333333333333333,-0.04995759204030037,0.9987512826919556,0.0
0.01984048992936868,0.00801088466266936,0.4733333333333333,-0.17973458766937256,0.9837151169776917,0.0
0.01594826359760255,0.007261066364516289,0.32,-0.1973048895597458,0.9803420901298523,0.0
0.01056182494919397,0.006093054031238253,0.8466666666666667,-0.2388894259929657,0.9710468053817749,0.0
0.007293991338472317,0.005141105643720313,0.4866666666666667,-0.3519114851951599,0.936033308506012,0.0
0.1288695685518348,0.014898217976933,0.1133333333333333,-0.010196617804467678,0.9999480247497559,0.0
0.02617219785806486,0.009064045791437863,0.5933333333333334,-0.147121399641037,0.9891183972358704,0.0
0.04632693315468878,0.01138195469381721,0.68,-0.09088332206010818,0.9958615303039551,0.0
0.2127441504994105,0.01424911217443422,0.4733333333333333,0.022177478298544884,0.999754011631012,0.0
0.3755466012917554,0.007873621876772315,0.5733333333333334,0.052007611840963364,0.9986466765403748,0.0
0.125,0.014855,1.0,-0.013032759539783001,0.9999151229858398,0.0
0.181067113868047,0.0148057052375217,0.3933333333333333,0.012426257133483887,0.9999228119850159,0.0
0.4061263402616034,0.006218360226988577,0.5133333333333333,0.0561223030090332,0.9984238743782043,0.0
0.4707233244782099,0.002296148712996983,0.6066666666666667,0.06528033316135406,0.9978669881820679,0.0
0.02617219785806486,0.009064045791437863,0.4533333333333333,-0.1481945812702179,0.9889581799507141,0.0
0.2782278697114227,0.01226519140997331,0.6533333333333333,0.037293121218681335,0.9993044137954712,0.0
0.4183355734181042,0.005522331207398173,0.4333333333333333,0.057782139629125595,0.9983291625976562,0.0
0.356841463571133,0.008824161069847073,0.56,0.04949137568473816,0.9987746477127075,0.0
0.430242956841666,0.004823668001613905,0.4733333333333333,0.05942845717072487,0.9982326030731201,0.0
0.4134885245990569,0.005801093338797506,0.18,0.057085394859313965,0.9983693361282349,0.0
0.356841463571133,0.008824161069847073,0.4066666666666667,0.04949137568473816,0.9987746477127075,0.0
0.188230303793172,0.01470769093303349,0.1666666666666667,0.014894642867147923,0.9998890161514282,0.0
0.3986527506923795,0.006634456439423702,0.7533333333333333,0.05509138107299805,0.9984813928604126,0.0
0.4685688682256368,0.00243674717600387,0.52,0.064938023686409,0.9978892803192139,0.0
0.3986527506923795,0.006634456439423702,1.0,0.05509138107299805,0.9984813928604126,0.0
0.1701870399669289,0.0149192909621303,0.05333333333333334,0.00837442185729742,0.9999648332595825,0.0
0.249570671848713,0.01325302879716548,0.07333333333333333,0.031445231288671494,0.9995054602622986,0.0
0.2127441504994105,0.01424911217443422,0.4466666666666667,0.022177478298544884,0.999754011631012,0.0
0.1288695685518348,0.014898217976933,0.3133333333333334,-0.010196616873145103,0.9999480247497559,0.0
0.4825,0.001505,0.48,0.06784331798553467,0.9976959228515625,0.0
0.4159181158837894,0.005661767401785669,0.01333333333333333,0.05744095891714096,0.9983488917350769,0.0
0.4620403771815685,0.002858572603366629,0.8266666666666667,0.06399654597043991,0.9979500770568848,0.0
0.3260907963564813,0.01028249977567646,0.74,0.045172568410634995,0.9989792704582214,0.0
0.3402784568515393,0.009626202934107065,0.8733333333333333,0.04722416028380394,0.9988843202590942,0.0
0.2966273352808951,0.01154783804243417,0.76,0.04055375978350639,0.9991773962974548,0.0
0.3056217972921486,0.01117611773519134,0.9733333333333334,0.04201739653944969,0.9991169571876526,0.0
0.005787204408179481,0.00453195948054921,0.3466666666666667,-0.41008320450782776,0.9120482206344604,0.0
0.4975,0.0004849999999999998,0.2333333333333333,0.06784332543611526,0.997696042060852,0.0
0.07585876163308795,0.01340832592623976,0.02,-0.04957852512598038,0.9987702369689941,0.0
0.47625,0.00193,0.98,0.06784331798553467,0.9976959228515625,0.0
0.007293991338472317,0.005141105643720313,0.1066666666666667,-0.3403799831867218,0.9402880072593689,0.0
0.2560510686365138,0.01304454551237501,0.7133333333333334,0.0328499898314476,0.9994603395462036,0.0
0.48,0.001675,0.1466666666666667,0.06784331798553467,0.9976959228515625,0.0
0.3346459751325647,0.009890240522146487,0.1066666666666667,0.046422943472862244,0.9989218711853027,0.0
0.4685688682256368,0.00243674717600387,0.4,0.06496088206768036,0.997887909412384,0.0
0.3232103947524728,0.01041213144295714,0.1133333333333333,0.044742509722709656,0.9989985823631287,0.0
0.4395565333129295,0.004263250360661108,0.6333333333333333,0.060725465416908264,0.9981545209884644,0.0
0.01594826359760255,0.007261066364516289,0.64,-0.1975521296262741,0.9802923798561096,0.0
0.4620403771815685,0.002858572603366629,0.26,0.06399654597043991,0.9979500770568848,0.0
0.2364134324186876,0.01364730589476923,0.2133333333333333,0.028409022837877274,0.9995964169502258,0.0
0.401156428675446,0.00649589613923182,0.3933333333333333,0.055424369871616364,0.9984628558158875,0.0
0.48375,0.001419999999999999,0.3133333333333334,0.06784332543611526,0.997696042060852,0.0
0.441855924209509,0.004122979505823145,0.9,0.06105497106909752,0.9981344938278198,0.0
0.4110467389142467,0.005940304086779129,0.1733333333333333,0.056753404438495636,0.9983882308006287,0.0
0.2782278697114227,0.01226519140997331,0.9133333333333333,0.037293121218681335,0.9993044137954712,0.0
0.3513756422536126,0.009092981566040463,0.03333333333333333,0.04875270649790764,0.998810887336731,0.0
0.02188308974271713,0.008373593985938307,0.3333333333333333,-0.169654980301857,0.9855035543441772,0.0
0.4728670171738458,0.002155564503190588,1.0,0.06559881567955017,0.9978461265563965,0.0
0.01056182494919397,0.006093054031238253,0.98,-0.2388894259929657,0.9710468053817749,0.0
0.3346459751325647,0.009890240522146487,0.9,0.046422943472862244,0.9989218711853027,0.0
0.2161765053725568,0.01417100420273847,0.5866666666666667,0.023216528818011284,0.9997304081916809,0.0
0.401156428675446,0.00649589613923182,0.006666666666666667,0.055424369871616364,0.9984628558158875,0.0
0.01229876263063634,0.006490891335877659,0.05333333333333334,-0.21693702042102814,0.9761856198310852,0.0
0.08360763609512023,0.01376639299927757,0.5133333333333333,-0.04208661615848541,0.9991140365600586,0.0
0.284422566083493,0.01203043135890618,0.68,0.038434021174907684,0.9992611408233643,0.0
0.09615940919343735,0.01422962702889811,0.8466666666666667,-0.03191233053803444,0.9994907379150391,0.0
0.475,0.002015,0.7,0.06680059432983398,0.9977663159370422,0.0
0.4061263402616034,0.006218360226988577,0.6866666666666666,0.05608908459544182,0.9984258413314819,0.0
0.1665239276054157,0.01494736373041719,0.02,0.006928100250661373,0.9999759793281555,0.0
0.1988415290377685,0.01453136786999635,0.7333333333333333,0.018261021003127098,0.9998332262039185,0.0
0.08360763609512023,0.01376639299927757,0.48,-0.04208661615848541,0.9991140365600586,0.0
0.3755466012917554,0.007873621876772315,0.56,0.05198247358202934,0.9986479878425598,0.0
0.05527529103542889,0.01212911808055398,0.7266666666666667,-0.07596635073423386,0.9971103668212891,0.0
0.3402784568515393,0.009626202934107065,0.7133333333333334,0.04722416028380394,0.9988843202590942,0.0
0.4349230635664786,0.004543601892265997,0.7266666666666667,0.06009868532419205,0.9981924295425415,0.0
0.2528189871588276,0.01314966520956734,0.2866666666666667,0.03215561807155609,0.9994829297065735,0.0
0.0,0.0,0.54,-0.7615301012992859,0.6481295824050903,0.0
0.02842275586216318,0.00938881596464451,0.1133333333333333,-0.13790598511695862,0.9904451966285706,0.0
0.3676103033988601,0.008282690497122288,0.88,0.05094218999147415,0.9987016916275024,0.0
0.03074631019160184,0.009700574686512812,0.9666666666666667,-0.1279297024011612,0.9917832016944885,0.0
0.3318085145224015,0.01002152667429443,0.7933333333333333,0.046012699604034424,0.9989408850669861,0.0
0.3346459751325647,0.009890240522146487,0.6933333333333334,0.046422943472862244,0.9989218711853027,0.0
0.001938592788506745,0.002066640433036111,0.6533333333333333,-0.6598626375198364,0.7513863444328308,0.0
0.3595539221523937,0.008689253368553888,0.04,0.04985735937952995,0.9987563490867615,0.0
0.49625,0.0005699999999999995,0.12,0.06784331798553467,0.9976959228515625,0.0
0.3260907963564813,0.01028249977567646,0.9866666666666667,0.045172568410634995,0.9989792704582214,0.0
0.48375,0.001419999999999999,0.4666666666666667,0.06784332543611526,0.997696042060852,0.0
0.4036476044762832,0.006357195698268361,0.9333333333333333,0.05575677379965782,0.9984444379806519,0.0
0.3346459751325647,0.009890240522146487,0.8333333333333334,0.046422943472862244,0.9989218711853027,0.0
0.48125,0.00159,0.4533333333333333,0.06784332543611526,0.997696042060852,0.0
0.4707233244782099,0.002296148712996983,0.2866666666666667,0.06530311703681946,0.9978654384613037,0.0
0.4620403771815685,0.002858572603366629,0.9533333333333334,0.06399654597043991,0.9979500770568848,0.0
0.05527529103542889,0.01212911808055398,0.02,-0.07596635073423386,0.9971103668212891,0.0
0.02617219785806486,0.009064045791437863,0.2333333333333333,-0.1481945812702179,0.9889581799507141,0.0
0.4576332355972396,0.003139757985685132,0.48,0.06338124722242355,0.9979893565177917,0.0
0.290555514259135,0.01179116712329794,0.56,0.039573412388563156,0.9992166757583618,0.0
0.4875,0.001164999999999999,0.1,0.06784332543611526,0.997696042060852,0.0
0.3260907963564813,0.01028249977567646,0.08,0.045172568410634995,0.9989792704582214,0.0
0.3085900491609768,0.01105058180303105,0.02,0.04248923063278198,0.9990969896316528,0.0
0.1403635420116693,0.01498269818436964,0.72,-0.004573547746986151,0.9999895691871643,0.0
0.2624668544916574,0.01282931451323828,0.0,0.034302473068237305,0.9994115233421326,0.0
0.5,0.000315,0.9533333333333334,0.06784332543611526,0.9976959228515625,0.0
0.2751071703338985,0.01238073945986909,0.006666666666666667,0.03670180216431618,0.9993263483047485,0.0
0.2195917099925405,0.01409010071620109,0.5733333333333334,0.0240723118185997,0.999710202217102,0.0
0.06857132421282813,0.01301566794308583,0.3066666666666666,-0.05790286883711815,0.9983223080635071,0.0
0.2656507202558925,0.01271933779290769,0.9866666666666667,0.03484213352203369,0.9993929266929626,0.0
0.284422566083493,0.01203043135890618,0.4066666666666667,0.038434021174907684,0.9992611408233643,0.0
0.3961365079188383,0.006772869015964482,0.3533333333333333,0.05475686118006706,0.9984997510910034,0.0
0.401156428675446,0.00649589613923182,0.0,0.05536895617842674,0.9984659552574158,0.0
0.3203155348544872,0.01054115535650971,0.3933333333333333,0.044305697083473206,0.9990180730819702,0.0
0.2966273352808951,0.01154783804243417,0.36,0.04055375978350639,0.9991773962974548,0.0
0.3885117588202917,0.007187120149762041,0.9266666666666666,0.053741276264190674,0.9985548853874207,0.0
0.2430250126818152,0.01345417863684153,0.5,0.03004397824406624,0.9995485544204712,0.0
0.48125,0.00159,0.6,0.06784331798553467,0.9976959228515625,0.0
0.2229898489463952,0.01400650849074916,0.8333333333333334,0.025035498663783073,0.999686598777771,0.0
0.3402784568515393,0.009626202934107065,0.5466666666666666,0.04722416028380394,0.9988843202590942,0.0
0.181067113868047,0.0148057052375217,0.16,0.012426257133483887,0.9999228119850159,0.0
0.4464203052631362,0.003842271332221238,0.1,0.06171305105090141,0.9980939626693726,0.0
0.3318085145224015,0.01002152667429443,0.04,0.046012699604034424,0.9989408850669861,0.0
0.2874967197587609,0.01191133433109486,0.14,0.03898395225405693,0.9992398619651794,0.0
0.4576332355972396,0.003139757985685132,0.03333333333333333,0.06334877014160156,0.9979915022850037,0.0
0.48125,0.00159,0.1866666666666667,0.06784332543611526,0.997696042060852,0.0
0.04352415487178414,0.01111881138242015,0.18,-0.09560693800449371,0.9954192042350769,0.0
0.3729144003044829,0.008010236798966815,0.4266666666666667,0.05162930116057396,0.9986662864685059,0.0
0.2058276504757906,0.01439650239807098,0.92,0.020316272974014282,0.9997935891151428,0.0
0.2092945605397177,0.01432431545006683,0.5,0.021236447617411613,0.9997744560241699,0.0
0.3115434747074761,0.0109242862886953,0.9533333333333334,0.042953893542289734,0.9990771412849426,0.0
0.2127441504994105,0.01424911217443422,0.2666666666666667,0.022177478298544884,0.999754011631012,0.0
0.4664035944551562,0.002577354376010696,0.2266666666666667,0.06464041769504547,0.9979085922241211,0.0
0.356841463571133,0.008824161069847073,0.84,0.04949137568473816,0.9987746477127075,0.0
0.29964051564518,0.01142478103025839,0.1066666666666667,0.04105125367641449,0.9991570711135864,0.0
0.4598423244149021,0.002999172278504974,0.6,0.06367315351963043,0.9979708790779114,0.0
0.0617185378658318,0.01258900100914509,0.3933333333333333,-0.06662458181381226,0.997778058052063,0.0
0.3174061437764167,0.01066954239408562,0.1466666666666667,0.04386204481124878,0.9990376234054565,0.0
0.005787204408179481,0.00453195948054921,0.2466666666666667,-0.41008323431015015,0.9120481610298157,0.0
0.4925,0.0008249999999999993,0.14,0.06784332543611526,0.997696042060852,0.0
0.2528189871588276,0.01314966520956734,0.86,0.03215561807155609,0.9994829297065735,0.0
0.3289568122061492,0.01015228887615362,0.04,0.0455959253013134,0.9989599585533142,0.0
0.4875,0.001164999999999999,0.8,0.06784332543611526,0.997696042060852,0.0
0.284422566083493,0.01203043135890618,0.94,0.038434021174907684,0.9992611408233643,0.0
0.2297352672259797,0.01383167315155853,0.4333333333333333,0.026765568181872368,0.9996417164802551,0.0
0.4183355734181042,0.005522331207398173,0.8533333333333334,0.057782139629125595,0.9983291625976562,0.0
0.284422566083493,0.01203043135890618,0.56,0.03837834671139717,0.9992632865905762,0.0
0.3676103033988601,0.008282690497122288,0.5333333333333333,0.05091658979654312,0.998702883720398,0.0
0.3085900491609768,0.01105058180303105,0.76,0.042489226907491684,0.9990969896316528,0.0
0.3986527506923795,0.006634456439423702,0.26,0.055067554116249084,0.9984825849533081,0.0
0.3755466012917554,0.007873621876772315,0.2066666666666667,0.052007611840963364,0.9986466765403748,0.0
0.2397275040769667,0.01355179038350446,0.88,0.02919897250831127,0.9995736479759216,0.0
0.4278852686979399,0.004963582002725781,0.1533333333333333,0.059074077755212784,0.9982537031173706,0.0
0.3541153930195648,0.008958741381604492,0.9066666666666666,0.04912317544221878,0.9987927675247192,0.0
0.3430736199044813,0.00949350339184359,0.02,0.04761529713869095,0.9988657832145691,0.0
0.05844723311492234,0.01236310171678466,0.4866666666666667,-0.07089496403932571,0.9974838495254517,0.0
0.4975,0.0004849999999999998,0.7533333333333333,0.06784332543611526,0.997696042060852,0.0
0.495,0.0006549999999999995,0.7,0.06784332543611526,0.997696042060852,0.0
0.4925,0.0008249999999999993,0.82,0.06784332543611526,0.997696042060852,0.0
0.3174061437764167,0.01066954239408562,0.1066666666666667,0.04386204481124878,0.9990376234054565,0.0
0.2560510686365138,0.01304454551237501,0.2533333333333334,0.0328499898314476,0.9994602799415588,0.0
0.4925,0.0008249999999999993,0.2333333333333333,0.06784331798553467,0.9976959228515625,0.0
0.4486854094513163,0.003701843435182584,0.2,0.06204163283109665,0.9980736374855042,0.0
0.03314461873146796,0.01000061829142671,0.3,-0.12082293629646301,0.9926740527153015,0.0
0.2624668544916574,0.01282931451323828,0.38,0.03419305756688118,0.9994152784347534,0.0
0.188230303793172,0.01470769093303349,0.2466666666666667,0.015013506636023521,0.999887228012085,0.0
0.464227448928703,0.002717964733788145,0.8466666666666667,0.06431899219751358,0.9979294538497925,0.0
0.4085926978885014,0.006079394701183551,0.9,0.05645450949668884,0.9984051585197449,0.0
0.4664035944551562,0.002577354376010696,0.04,0.06464041769504547,0.9979085922241211,0.0
0.4875,0.001164999999999999,0.9466666666666667,0.06784331798553467,0.9976959228515625,0.0
0.3486221426798262,0.009226868476435031,0.5266666666666666,0.04840584099292755,0.9988276958465576,0.0
0.1147930839992219,0.01469051703796037,0.24,-0.018742144107818604,0.9998243451118469,0.0
0.5,0.000315,0.06,0.06784332543611526,0.9976959824562073,0.0
0.01056182494919397,0.006093054031238253,0.6933333333333334,-0.2388894259929657,0.9710468053817749,0.0
0.48125,0.00159,0.32,0.06784332543611526,0.997696042060852,0.0
0.4925,0.0008249999999999993,0.66,0.06784331798553467,0.9976959228515625,0.0
0.3056217972921486,0.01117611773519134,0.4466666666666667,0.04201739653944969,0.9991169571876526,0.0
0.4664035944551562,0.002577354376010696,0.9,0.06464041769504547,0.9979085922241211,0.0
0.4395565333129295,0.004263250360661108,0.52,0.06075843796133995,0.9981525540351868,0.0
0.02617219785806486,0.009064045791437863,0.9066666666666666,-0.14896102249622345,0.9888429641723633,0.0
0.0009061735767950278,0.001064722955114475,0.4466666666666667,-0.7232553362846375,0.6905805468559265,0.0
0.29964051564518,0.01142478103025839,0.1466666666666667,0.04105125367641449,0.9991570711135864,0.0
0.188230303793172,0.01470769093303349,0.84,0.014894642867147923,0.9998890161514282,0.0
0.3430736199044813,0.00949350339184359,0.9733333333333334,0.04761529713869095,0.9988657832145691,0.0
0.4707233244782099,0.002296148712996983,0.3466666666666667,0.06524843722581863,0.9978690147399902,0.0
0.05219979897952075,0.01188736220452653,0.8666666666666667,-0.08046673983335495,0.9967573285102844,0.0
0.125,0.014855,0.5333333333333333,-0.01265980675816536,0.9999198913574219,0.0
0.49625,0.0005699999999999995,0.8866666666666667,0.06784331798553467,0.9976959228515625,0.0
0.3085900491609768,0.01105058180303105,0.5333333333333333,0.04253604635596275,0.9990949630737305,0.0
0.4207409575639589,0.005382789673387536,0.7733333333333333,0.058056849986314774,0.9983132481575012,0.0
0.07215908143162554,0.01321622861434639,0.1,-0.05422979220747948,0.9985284209251404,0.0
0.3203155348544872,0.01054115535650971,0.8733333333333333,0.044305697083473206,0.9990180730819702,0.0
0.4207409575639589,0.005382789673387536,0.3733333333333334,0.058080531656742096,0.9983119368553162,0.0
0.3729144003044829,0.008010236798966815,0.3266666666666667,0.051654599606990814,0.9986650347709656,0.0
0.1099188311353945,0.01459243406848979,0.5933333333333334,-0.021321840584278107,0.9997726678848267,0.0
0.03314461873146796,0.01000061829142671,0.24,-0.12027018517255783,0.9927412271499634,0.0
0.3755466012917554,0.007873621876772315,0.7533333333333333,0.05204280838370323,0.9986448287963867,0.0
0.01984048992936868,0.00801088466266936,0.7533333333333333,-0.17875546216964722,0.9838935136795044,0.0
0.0,0.0,0.05333333333333334,-0.7615301012992859,0.6481295824050903,0.0
0.008890179845672162,0.005653220926087273,0.24,-0.28372007608413696,0.9589071869850159,0.0
0.2263710066418964,0.01392033193839007,0.5666666666666667,0.025911502540111542,0.9996642470359802,0.0
0.01229876263063634,0.006490891335877659,0.1066666666666667,-0.21693702042102814,0.9761856198310852,0.0
0.05844723311492234,0.01236310171678466,0.44,-0.070449598133564,0.9975153207778931,0.0
0.2719707984721324,0.01249498733243815,0.86,0.03609631955623627,0.9993483424186707,0.0
0.04080699868922523,0.01084902757241398,0.2933333333333333,-0.10061858594417572,0.9949250817298889,0.0
0.184657670562745,0.01475878597804615,0.12,0.013683311641216278,0.9999063611030579,0.0
0.1099188311353945,0.01459243406848979,0.98,-0.021321840584278107,0.9997726678848267,0.0
0.1774585473059703,0.01484823954883366,0.92,0.011122852563858032,0.9999380707740784,0.0
0.04632693315468878,0.01138195469381721,0.3733333333333334,-0.09088332206010818,0.9958615303039551,0.0
0.3986527506923795,0.006634456439423702,0.6666666666666666,0.055067554116249084,0.9984825849533081,0.0
0.02617219785806486,0.009064045791437863,0.3266666666666667,-0.14896102249622345,0.9888429641723633,0.0
0.4183355734181042,0.005522331207398173,0.8266666666666667,0.05772528797388077,0.9983325004577637,0.0
0.1147930839992219,0.01469051703796037,0.6333333333333333,-0.018742145970463753,0.9998244047164917,0.0
0.4554130554103303,0.003280323887142265,0.42,0.0630233883857727,0.9980120658874512,0.0
0.3986527506923795,0.006634456439423702,0.006666666666666667,0.055067554116249084,0.9984825849533081,0.0
0.4441438291412156,0.003982651589042792,0.46,0.06143901124596596,0.9981108903884888,0.0
0.3430736199044813,0.00949350339184359,0.4866666666666667,0.04767996072769165,0.9988626837730408,0.0
0.1701870399669289,0.0149192909621303,0.26,0.00837442185729742,0.9999648332595825,0.0
0.188230303793172,0.01470769093303349,0.58,0.014894642867147923,0.9998890161514282,0.0
0.02617219785806486,0.009064045791437863,0.14,-0.147121399641037,0.9891183972358704,0.0
0.01594826359760255,0.007261066364516289,0.42,-0.19878797233104706,0.9800425171852112,0.0
0.2297352672259797,0.01383167315155853,0.72,0.026765568181872368,0.9996417164802551,0.0
0.1917851001471857,0.01465262423751573,0.8933333333333333,0.016060885041952133,0.9998709559440613,0.0
0.01409425474986475,0.0068776994430674,0.7666666666666667,-0.20597004890441895,0.978558361530304,0.0
0.04921792768622848,0.01163820281918356,0.3266666666666667,-0.08577948063611984,0.9963141679763794,0.0
0.393607637313361,0.006911123952981212,0.48,0.0544203519821167,0.9985181093215942,0.0
0.2058276504757906,0.01439650239807098,0.1,0.020316272974014282,0.9997935891151428,0.0
0.47875,0.00176,0.54,0.06784332543611526,0.997696042060852,0.0
0.4685688682256368,0.00243674717600387,0.3533333333333333,0.06496088206768036,0.997887909412384,0.0
0.3056217972921486,0.01117611773519134,0.62,0.04201739281415939,0.9991169571876526,0.0
0.2463060410957821,0.01335456176368123,0.48,0.03066394478082657,0.9995297193527222,0.0
0.01409425474986475,0.0068776994430674,0.5266666666666666,-0.20573832094669342,0.9786069989204407,0.0
0.49375,0.0007399999999999996,0.8533333333333334,0.06784331798553467,0.9976959228515625,0.0
0.2874967197587609,0.01191133433109486,0.06,0.03898395225405693,0.9992398619651794,0.0
0.4975,0.0004849999999999998,0.22,0.06784332543611526,0.997696042060852,0.0
0.485,0.001334999999999999,0.9,0.06784332543611526,0.997696042060852,0.0
0.2874967197587609,0.01191133433109486,0.5466666666666666,0.03898395225405693,0.9992398619651794,0.0
0.3402784568515393,0.009626202934107065,0.6933333333333334,0.04722416028380394,0.9988843202590942,0.0
0.284422566083493,0.01203043135890618,0.2133333333333333,0.038434021174907684,0.9992611408233643,0.0
0.3458548251449645,0.009360383705782415,0.4,0.04800020903348923,0.9988473653793335,0.0
0.04080699868922523,0.01084902757241398,0.3533333333333333,-0.10243364423513412,0.9947399497032166,0.0
0.3986527506923795,0.006634456439423702,0.09333333333333334,0.05509138107299805,0.9984813928604126,0.0
0.1774585473059703,0.01484823954883366,0.1266666666666667,0.011122852563858032,0.9999380707740784,0.0
0.3318085145224015,0.01002152667429443,0.72,0.046012699604034424,0.9989408850669861,0.0
0.3144821482565962,0.01079726282331179,0.98,0.043411463499069214,0.9990572929382324,0.0
0.401156428675446,0.00649589613923182,0.5533333333333333,0.05536895990371704,0.9984659552574158,0.0
0.4576332355972396,0.003139757985685132,0.4266666666666667,0.06334877014160156,0.9979915022850037,0.0
0.2966273352808951,0.01154783804243417,0.4,0.04055375978350639,0.9991773962974548,0.0
0.119818594001778,0.01477780150039562,0.6133333333333333,-0.016307884827256203,0.9998670220375061,0.0
0.4664035944551562,0.002577354376010696,0.32,0.06464041769504547,0.9979085922241211,0.0
0.4278852686979399,0.004963582002725781,0.3866666666666667,0.059074077755212784,0.9982537031173706,0.0
0.2656507202558925,0.01271933779290769,0.34,0.03484213352203369,0.9993929266929626,0.0
0.1665239276054157,0.01494736373041719,0.2333333333333333,0.006928100250661373,0.9999759793281555,0.0
0.49125,0.0009099999999999994,0.8,0.06784332543611526,0.997696042060852,0.0
0.1516871021837787,0.01500453082340004,0.18,0.0006467890925705433,0.9999997615814209,0.0
0.4441438291412156,0.003982651589042792,0.9,0.061384167522192,0.998114287853241,0.0
0.184657670562745,0.01475878597804615,0.34,0.013683311641216278,0.9999063611030579,0.0
0.49,0.0009949999999999994,0.88,0.06784331798553467,0.9976959228515625,0.0
0.2560510686365138,0.01304454551237501,0.01333333333333333,0.0328499935567379,0.9994603395462036,0.0
0.01409425474986475,0.0068776994430674,0.06666666666666667,-0.20735988020896912,0.9782646894454956,0.0
0.3595539221523937,0.008689253368553888,0.32,0.04985735937952995,0.9987563490867615,0.0
0.07215908143162554,0.01321622861434639,0.0,-0.05449388548731804,0.9985141754150391,0.0
0.07967376769612333,0.0135918955763818,0.02666666666666667,-0.04592052847146988,0.9989451169967651,0.0
0.3807716379709171,0.007599673228266771,0.9066666666666666,0.052707329392433167,0.9986100792884827,0.0
0.1988415290377685,0.01453136786999635,0.4333333333333333,0.018261021003127098,0.9998332262039185,0.0
0.007293991338472317,0.005141105643720313,0.8266666666666667,-0.3354218304157257,0.9420680403709412,0.0
0.2058276504757906,0.01439650239807098,0.4333333333333333,0.020483244210481644,0.9997902512550354,0.0
0.3807716379709171,0.007599673228266771,0.2466666666666667,0.052707329392433167,0.9986100792884827,0.0
0.1665239276054157,0.01494736373041719,0.56,0.006928100250661373,0.9999759793281555,0.0
0.0009061735767950278,0.001064722955114475,0.6666666666666666,-0.7298060655593872,0.683654248714447,0.0
0.4159181158837894,0.005661767401785669,0.28,0.05744095891714096,0.9983488917350769,0.0
0.4159181158837894,0.005661767401785669,0.22,0.05739356204867363,0.9983516335487366,0.0
0.4061263402616034,0.006218360226988577,0.8333333333333334,0.05608908459544182,0.9984258413314819,0.0
0.4707233244782099,0.002296148712996983,0.1066666666666667,0.06528033316135406,0.9978669881820679,0.0
0.495,0.0006549999999999995,0.24,0.06784331798553467,0.9976959228515625,0.0
0.4598423244149021,0.002999172278504974,0.1266666666666667,0.06367315351963043,0.9979708194732666,0.0
0.01786294692090894,0.007639389485525302,0.38,-0.18923714756965637,0.9819315075874329,0.0
0.1917851001471857,0.01465262423751573,0.2333333333333333,0.016060885041952133,0.9998709559440613,0.0
0.4231343283725131,0.005243147704171655,0.7666666666666667,0.05837877839803696,0.9982945322990417,0.0
0.06857132421282813,0.01301566794308583,0.16,-0.05748516321182251,0.9983463287353516,0.0
0.4134885245990569,0.005801093338797506,0.28,0.057085394859313965,0.9983693361282349,0.0
0.3458548251449645,0.009360383705782415,0.6333333333333333,0.04800020903348923,0.9988473653793335,0.0
0.3056217972921486,0.01117611773519134,0.06666666666666667,0.04201739653944969,0.9991169571876526,0.0
0.2935990270690971,0.01166998401393008,0.1933333333333333,0.04004364088177681,0.9991979598999023,0.0
0.3622528366719601,0.008554030827018985,0.5866666666666667,0.050221141427755356,0.998738169670105,0.0
0.4486854094513163,0.003701843435182584,0.64,0.06204163283109665,0.9980736374855042,0.0
0.48875,0.001079999999999999,0.1666666666666667,0.06784332543611526,0.997696042060852,0.0
0.07585876163308795,0.01340832592623976,0.4333333333333333,-0.04995759204030037,0.9987513422966003,0.0
0.2935990270690971,0.01166998401393008,0.34,0.04004364088177681,0.9991979598999023,0.0
0.1988415290377685,0.01453136786999635,0.1533333333333333,0.018261021003127098,0.9998332262039185,0.0
0.1774585473059703,0.01484823954883366,0.86,0.011122852563858032,0.9999380707740784,0.0
0.06857132421282813,0.01301566794308583,0.48,-0.05790286883711815,0.9983223080635071,0.0
0.1288695685518348,0.014898217976933,0.3466666666666667,-0.010196616873145103,0.9999480247497559,0.0
0.2364134324186876,0.01364730589476923,0.9933333333333333,0.028489064425230026,0.9995940923690796,0.0
0.4110467389142467,0.005940304086779129,0.7866666666666666,0.056753404438495636,0.9983882308006287,0.0
0.3649382746802854,0.008418505809678949,0.62,0.05054669454693794,0.998721718788147,0.0
0.284422566083493,0.01203043135890618,0.05333333333333334,0.038434021174907684,0.9992611408233643,0.0
0.4975,0.0004849999999999998,0.38,0.06784332543611526,0.997696042060852,0.0
0.125,0.014855,0.08,-0.013405709527432919,0.9999101758003235,0.0
0.2966273352808951,0.01154783804243417,0.7333333333333333,0.04055375978350639,0.9991773962974548,0.0
0.2023433351164043,0.01446555889217266,0.02,0.019302453845739365,0.9998136758804321,0.0
0.02617219785806486,0.009064045791437863,0.8133333333333334,-0.1481945812702179,0.9889581799507141,0.0
0.01229876263063634,0.006490891335877659,0.4266666666666667,-0.21693702042102814,0.9761856198310852,0.0
0.290555514259135,0.01179116712329794,0.2066666666666667,0.03952042758464813,0.9992187023162842,0.0
0.06857132421282813,0.01301566794308583,0.4466666666666667,-0.05748516321182251,0.9983463287353516,0.0
0.4255157455869981,0.005103410189947115,0.6866666666666666,0.05877619609236717,0.9982711672782898,0.0
0.3910660755153386,0.007049211099749538,0.7133333333333334,0.054081834852695465,0.9985365271568298,0.0
0.3260907963564813,0.01028249977567646,0.7333333333333333,0.045172568410634995,0.9989792704582214,0.0
0.01984048992936868,0.00801088466266936,0.0,-0.17810262739658356,0.9840119481086731,0.0
0.4486854094513163,0.003701843435182584,0.1066666666666667,0.06204163283109665,0.9980736374855042,0.0
0.2430250126818152,0.01345417863684153,0.9933333333333333,0.029968101531267166,0.9995509386062622,0.0
0.4707233244782099,0.002296148712996983,0.66,0.06528033316135406,0.9978669881820679,0.0
0.3374692655249677,0.009758457201575484,0.16,0.04682674631476402,0.9989030957221985,0.0
0.2782278697114227,0.01226519140997331,0.1133333333333333,0.037293121218681335,0.9993044137954712,0.0
0.04921792768622848,0.01163820281918356,0.5133333333333333,-0.08613823354244232,0.996283233165741,0.0
0.430242956841666,0.004823668001613905,0.1666666666666667,0.05940484255552292,0.9982340931892395,0.0
0.430242956841666,0.004823668001613905,0.1466666666666667,0.05940484255552292,0.9982340931892395,0.0
0.48625,0.001249999999999999,0.9666666666666667,0.06784331798553467,0.9976959228515625,0.0
